-0.0082448125	0.03877994	0.0062421337	-0.037386846	-0.037428178	-0.035043083	0.0018947124	-0.01105658	0.029337358	0.0024955273	0.022910308	-0.0045629516	0.033391785	-0.009813715	0.0051407814	-0.033652797	-0.019573307	0.04503504	0.005299948	-0.018828083	0.005951274	-0.010229848	0.035529207	-0.04367348	0.045202505	-0.00905174	-0.02770567	0.0022411942	-0.003935445	0.009621322	0.012851145	-0.04213333	-0.034041036	-0.022154523	0.008224558	-0.013784993	0.013122503	0.012264442	-0.026314616	-0.04402865	0.0054499283	0.033362936	0.046299946	0.017173063	0.02085748	0.019112471	0.017122876	0.031456936	-0.00035918877	-0.009406459	0.02008072	-0.032785967	0.020881366	0.015655186	0.00986271	-0.049926687	-0.030044688	0.020636607	0.04867888	-0.026562203	0.02888349	0.026404347	0.046082962	0.0305872
-0.043756023	-0.041244265	0.089787476	0.043286372	0.02601867	-0.101302505	-0.059135035	0.049630642	-0.0022295546	0.0057003354	-0.0733411	0.046427175	-0.08886828	-0.04720737	-0.049230874	-0.091347985	0.034163963	-0.088748574	0.124543145	-0.014898104	0.061390392	0.13311209	-0.0040997146	-0.028289353	0.13880165	0.035145372	0.110130236	0.01742786	0.057699587	-0.07682173	-0.17957585	0.08485882	0.025596097	0.090980425	0.110387705	-0.03040492	-0.090673536	0.00088914233	0.03941897	0.055762526	-0.09914843	0.102106065	0.084310144	0.09307231	0.007815296	-0.07793442	-0.044103667	0.09281235	-0.09011596	0.07227896	0.101802364	0.061643742	0.032698672	-0.07209104	0.10818253	-0.025094537	0.020340916	0.083453804	0.024115603	-0.1030576	0.021003079	0.041786946	-0.039923456	0.038885035
-0.11424343	-0.00142407	-0.110762455	0.09475298	-0.117165774	-0.102488466	0.024778975	0.038105275	-0.09849009	-0.27806962	-0.05638781	0.1581063	0.03948762	0.0123439515	-0.08425523	0.06367009	-0.10533907	0.024462314	0.029763957	-0.12982628	0.011596456	-0.18047369	0.043378904	-0.03056207	-0.052811712	-0.1519264	-0.08746954	0.16747428	-0.19145319	-0.095465764	-0.063299835	0.13169143	0.11758689	-0.0055526914	-0.08755818	0.19554964	0.10627998	0.080172226	-0.24319878	0.016589597	0.12708466	0.23220663	-0.14533348	-0.11751057	-0.17882906	-0.003873544	-0.02907986	-0.24352941	-0.057264753	-0.05138416	0.032230888	-0.052440748	-0.07732066	0.10040526	0.22946247	0.11057751	0.09226899	-0.10947974	0.069440514	0.13646702	0.037482046	0.08682708	-0.031253465	0.0124945985
0.005284748	0.09244233	-0.016292118	0.037316635	0.031245971	0.14039278	0.05474721	-0.016424593	0.09158153	0.04490127	-0.003441026	0.0021275124	0.09031026	-0.053791836	0.0079631945	0.01845402	-0.030089004	0.16875818	0.07655027	-0.03903955	-0.08916233	-0.1016072	0.13246211	-0.102465115	-0.030928252	-0.032849506	0.014529757	-0.04284332	0.038044676	-0.0289055	0.13191406	-0.02409405	-0.0931468	-0.056105107	-0.11948993	-0.099384226	0.035487644	-0.11160353	0.0041618347	0.019300804	-0.057025015	-0.0056059044	0.117263116	-0.1365063	-0.05967347	0.1540692	0.007698941	0.10718617	0.15521176	-0.0780525	-0.13740304	-0.06905882	0.0509686	-0.00443637	-0.035187405	0.046997022	0.114596285	0.20333225	-0.06292741	0.1546647	-0.10263358	-0.11715649	0.09692406	-0.13068023
-0.09265156	-0.06359921	-0.03410976	0.12250114	0.08426949	-0.012761352	-0.11146717	0.11176392	0.19855206	0.075005054	-0.07693716	0.039668944	-0.23813143	0.035894856	0.016351659	-0.17794052	-0.1281218	-0.015147625	0.15448849	-0.020529712	0.12396703	-0.07902341	0.1527603	-0.08968554	0.0059792236	0.24296102	0.29586568	-0.24862233	0.07735283	-0.17820503	0.025088375	0.016412979	0.013260051	0.14837226	0.22238053	-0.23936303	0.03499549	0.023291226	0.04559902	0.22047724	-0.08672427	0.06660274	0.13819654	0.13072036	0.10410467	0.16281544	-0.095925815	0.15810694	-0.037434958	0.09382176	0.053302355	0.09534377	-0.14086083	-0.113124825	0.17220113	-0.0626725	-0.08233653	-0.09546386	0.16740659	-0.019222913	-0.14113176	-0.092458546	0.02618416	-0.027983442
-0.009693205	-0.18721417	0.14060724	0.09576628	0.144885	-0.027566586	-0.009262894	-0.08581414	-0.00708042	0.041032806	-0.19667232	0.035089392	0.10565229	-0.016693316	0.08049977	-0.05443769	0.1275635	0.07621006	-0.051803175	0.031379495	0.005327914	0.041381128	0.046510182	-0.17144084	0.098242976	0.010441916	0.017928954	-0.018640846	-0.0602283	-0.06126966	0.052104503	0.00156196	-0.088507354	0.1531694	0.0742609	-0.015345549	-0.16248426	0.059619945	0.065564506	-0.015754448	-0.04218997	0.020104064	0.021908822	0.15754421	-0.043920223	0.04754116	-0.036485717	0.090593114	-0.13950595	0.15600522	-0.076381914	0.07726459	-0.030387003	0.1836482	-0.0064539146	-0.1062007	-0.05028413	0.24117923	0.009102613	-0.008297175	0.077574834	-0.037987765	0.08177424	-0.0027795963
-0.17894427	-0.16595265	0.16897394	0.10109805	0.130528	0.057447106	-0.047114525	-0.045137703	0.019339835	0.30531383	-0.10485243	-0.08508929	0.029406715	-0.12433876	0.27054	-0.08476071	0.14908676	0.009342255	-0.121430166	-0.08161291	0.042466663	0.18166637	0.026879936	-0.11263885	0.13959226	-0.022228831	-0.05408719	-0.1385232	0.0036486986	-0.088580206	0.20575231	-0.40396938	-0.06597521	-0.0059407903	-0.016842017	0.009706849	-0.15649676	0.06292604	-0.09685788	0.023974868	-0.09862277	-0.079027854	0.09501777	0.26938394	0.27700824	-0.109355055	-0.20008494	0.18070827	-0.14806132	0.048032258	0.07957387	-0.06069518	0.10780503	0.21892278	-0.1217793	0.059030656	-0.030277548	0.027352229	0.17363688	-0.27697644	0.36494645	-0.12708066	0.15138392	-0.19588196
0.09568963	-0.013905592	0.085417844	-0.2895975	0.06598558	-0.18266293	-0.03719935	0.07720795	0.020750789	0.07302112	-0.028356021	-0.036328614	0.001667346	-0.0015426786	0.20777911	-0.19754009	-0.027273694	-0.057037324	0.11489203	0.077189155	0.10259167	-0.082313016	0.14564651	0.09387933	0.011103837	0.025190765	0.07545711	-0.1281365	0.082654364	-0.09002499	0.10815085	-0.1933172	0.0034946012	0.20913431	-0.024773138	-0.14486782	-0.085795745	0.07392333	-0.1027287	0.019408317	0.12343024	-0.19462407	-0.08630128	0.12990129	-0.011779427	0.114991896	-0.38306758	0.15170492	-0.18246472	0.007261401	0.15695423	0.037373714	-0.101296745	0.15517071	0.011614269	-0.09789248	-0.088488385	-0.16478243	0.20407584	0.10022518	-0.13422923	0.22966892	0.18003541	-0.1092362
0.110078305	0.0907021	-0.050860267	-0.21358754	0.018040001	0.16637857	0.0128758	-0.16167155	0.020272706	-0.069787465	-0.013066406	0.053372104	0.013725832	0.24382786	-0.11571104	0.10898566	-0.1424503	0.08640326	-0.17825365	0.04637431	-0.09272854	0.019534644	-0.0770185	0.06678688	-0.07039649	0.029084655	-0.015165426	-0.023041936	-0.050944604	0.16681525	-0.03707037	0.24305451	-0.15477155	-0.02205772	-0.0024483097	0.045915682	0.09100681	-0.019872705	-0.115420625	-0.13334139	0.09019005	-0.10488874	-0.1088219	-0.14350376	-0.12663023	0.0012571145	0.19700618	-0.13593714	0.041237056	0.11784535	-0.19553366	-0.086480096	-0.0055727204	-0.059238464	-0.11734234	-0.15984213	0.08209926	0.27506572	-0.05196648	0.04821892	-0.21774423	-0.12312073	-0.070319496	0.05269436
-0.14842893	0.016796468	-0.03933507	0.12846662	0.060278263	0.09108052	-0.04308226	-0.09408043	0.09937621	0.13320689	-0.0034395186	-0.09570714	-0.09514618	0.028875947	-0.07290518	-0.022659717	0.07350472	-0.0972547	-0.13781849	-0.006898046	0.051010925	0.09331939	-0.06702757	-0.010718031	-0.041464508	0.0776091	-0.07111105	-0.024516275	0.12519133	0.04626902	0.046077468	-0.14718625	-0.025324007	-0.061553113	0.07077803	-0.07137797	0.06442625	-0.026699297	0.11072043	0.05111401	-0.032317728	-0.23774295	0.17916535	-0.19455235	0.12926126	0.075250834	0.014955476	-0.012275031	0.08367024	-0.00050287286	0.078180976	-0.071091935	0.12451002	0.057317857	-0.090056434	0.050738085	-0.14038235	0.11678871	0.05625328	0.029998524	0.16570932	-0.1958615	0.064559184	-0.15541562
-0.13542086	-0.17445312	0.09637517	0.081697784	-0.10325556	-0.08442562	0.033162266	-0.24251823	-0.087275006	0.11453088	0.02614463	-0.055038698	0.08778171	-0.06202281	-0.043696344	0.021308746	0.13079602	0.027955653	0.07181883	0.050061375	-0.023294732	0.2862793	-0.04539143	0.03976095	0.091255635	-0.058573175	-0.004773443	-0.017377779	-0.03635365	0.022736555	-0.013641207	-0.05527551	-0.01377407	-0.09707547	0.0073644365	-0.022556875	-0.1221318	0.059976976	-0.014571341	-0.014347026	-0.02632396	0.01649395	0.051611513	-0.0642885	0.021920789	-0.23579955	0.014215086	-0.030752625	-0.019338246	-0.10429816	-0.12782016	-0.050870664	0.06963127	0.030764345	-0.045195866	-0.05987892	-0.062486984	0.030981848	-0.02982561	-0.111761115	-0.03225012	0.006527217	-0.019940458	0.019422924
0.15468854	0.051107693	-0.094092675	0.11275403	-0.14718819	-0.20668025	-0.044563893	0.066198826	0.077707544	-0.03899031	0.10837706	0.024763213	-0.11779971	0.11240057	0.026592726	-0.16606155	0.00789779	-0.15322834	-0.023900107	0.15854806	-0.028770499	0.018673113	-0.062317416	0.037103966	-0.042979263	0.07648149	0.013531397	-0.039833214	0.2031957	-0.25335702	-0.03923819	0.16074745	0.19310807	0.18900841	0.14746527	-0.10769307	0.10203483	-0.06551781	0.2543195	-0.064926736	-0.024980722	0.087141275	0.048769295	0.0059078513	-0.025190752	0.072024986	-0.18142667	0.0106903715	0.08473291	0.1498165	0.10942742	-0.089853086	0.06682959	-0.23363008	0.03500517	0.042287	-0.11807433	0.026693456	-0.046186026	0.025140889	-0.0074513736	-1.51276845e-05	-0.07442691	0.09145832
-0.041668925	0.016864125	0.018643217	-0.16573624	0.11514367	0.13947867	-0.096864365	0.052088365	0.041252896	0.064664066	-0.15924841	0.11974507	-0.125601	-0.1919462	0.029380426	0.06313218	-0.13213764	-0.017907523	-0.1325245	-0.06612328	-0.062026367	-0.15592535	0.03739587	-0.17067975	-0.034191582	0.13752718	0.20137791	-0.12391491	-0.12338571	-0.06339708	0.07156273	0.06102746	-0.25515062	0.11887359	-0.056659233	-0.0065745693	-0.042415477	-0.1104202	-0.2950067	0.0809723	-0.033741873	0.0096723335	-0.022679867	0.04789244	0.010166691	0.20215501	0.2233623	0.06843657	-0.05897773	-0.05536519	-0.106075145	0.093633465	0.07990456	0.0617171	-0.16927688	-0.14696927	0.09463594	-0.0053975196	-0.018989882	0.09626177	-0.11216706	0.18819122	0.003176194	0.05430817
0.019260414	0.039061144	-0.0055814586	-0.12683694	-0.18207563	0.03209865	0.094387874	-0.18473272	-0.041422036	-0.1546022	0.06304263	-0.012133035	0.09483956	0.03638898	-0.03486114	0.021797704	-0.11495489	0.112046175	0.058770332	-0.038876195	0.021625858	0.26919752	0.006012909	0.066308275	-0.011121537	-0.09715819	-0.0023043128	-0.011515601	-0.060155988	0.030780857	0.023372527	0.0661624	0.045500435	-0.12502797	-0.0840823	0.049138285	-0.030658947	-0.0060400264	-0.054626767	0.008853932	0.03643197	-0.0045355647	-0.007916858	-0.078874364	-0.092356764	-0.1961486	0.006930209	-0.07710774	0.04422251	-0.047679055	-0.1631156	0.04073566	0.020409746	-0.06354158	-0.05236696	0.03589622	0.12749001	0.060081083	-0.1269429	0.17049344	-0.26059273	0.034232497	-0.029502831	0.063149564
-0.014560744	0.06541617	-0.008108048	0.050304122	0.1328739	-0.060086302	-0.06821542	0.17264456	0.043123744	-0.018988138	0.03727336	0.055716027	-0.14318478	0.02633059	-0.28205174	0.009831026	-0.1330064	-0.13714552	0.08495803	0.06374188	0.097593516	-0.11242542	-0.041054625	-0.074551865	0.07308951	0.19390477	0.020030921	-0.07210586	0.09231832	-0.23460399	-0.17930795	0.31989458	0.25385877	0.20384601	0.2162898	-0.014298891	0.100263104	-0.07911768	0.2357011	0.1691732	-0.09258705	0.25645658	-0.013307781	-0.005085407	0.0909918	0.0383713	-0.036209416	-0.16132247	-0.0687288	0.08300044	0.17039862	-0.013553878	-0.051489327	-0.22380161	0.27089274	-0.00645138	-0.22993211	-0.07147297	0.0021778399	-0.10414783	0.026188124	0.13801096	-0.1833081	0.1311057
0.042763907	0.16985174	-0.20988016	-0.04584964	-0.014557869	0.040307436	0.046669666	0.15882586	0.027412668	-0.119864695	0.112415455	0.126817	0.09380529	0.061492056	0.0940676	0.06387226	-0.005209928	-0.04193581	0.009206341	0.054567344	-0.0630613	-0.24396886	0.032546844	0.10508266	-0.19263072	0.023665596	-0.044312812	0.0046639564	-0.08891201	0.15318972	0.049087483	-0.0069539268	-0.03924175	-0.050907344	-0.16334471	0.047043193	0.20496637	-0.029927444	0.027758282	0.13227561	-0.046337016	0.051488	0.06961316	-0.18894902	-0.07360337	0.095073275	0.12502	-0.0011726735	-0.037252057	-0.12863705	-0.002719169	0.1163781	-0.08788082	-0.009818604	-0.04371015	0.14035062	0.035800952	-0.095242016	-0.11038141	0.1830648	-0.11605656	-0.19746122	-0.022277778	-0.0676076
-0.012850168	0.08425016	-0.09017253	0.052106634	-0.039820194	-0.081972	-0.17470191	0.1647298	-0.0045378823	-0.1557907	-0.10457033	-0.1657764	0.07497131	0.026273044	0.17605092	0.114963815	0.17409629	0.13745898	0.04969459	-0.0827946	0.17002288	-0.1432367	-0.12731189	-0.104676664	-0.12178695	-0.028710984	-0.20837206	0.21880545	0.04331376	-0.1461687	0.18993811	-0.1317791	-0.0011302781	-0.06896904	-0.08200407	0.004319278	-0.10783654	0.06892895	0.08695892	-0.09541605	0.14749281	-0.021123968	-0.027308172	-0.065440826	-0.20036379	0.1499706	-0.014955708	0.04340039	-0.062598765	-0.11783487	0.034426942	0.041650724	-0.19513737	0.22900894	-0.11348034	0.28563863	-0.054162312	0.029124906	-0.08400018	0.17810623	0.18940572	0.14436193	0.16154021	0.0067447266
-0.12270161	-0.27719104	0.35270604	-0.005155621	0.08738829	-0.1564904	0.15423302	-0.11865944	-0.0096367095	0.15322873	-0.12614845	-0.2576772	-0.07230213	-0.043479457	-0.009296716	0.047945343	0.036767572	-0.118826665	0.16135111	-0.09718977	0.1541523	0.27364096	0.06927302	-0.06832122	0.22244908	-0.0034318706	0.10242594	-0.093472585	0.12499912	-0.05011417	-0.020996002	-0.14409749	0.09231818	0.06491098	0.16132373	-0.08670135	-0.21438533	0.13349687	-0.07433949	-0.048995845	-0.05200024	-0.026057873	-0.009935449	0.23488061	0.0057568597	-0.15835674	-0.14728452	0.043940444	0.040963344	0.08671599	0.08884035	-0.032756474	0.04817294	0.13883567	0.09638153	-0.020594819	-0.0041748416	-0.14188044	-0.02522777	-0.24054635	-0.025079723	0.29894194	0.13952327	-0.10528487
-0.028652307	-0.07182859	0.13272043	0.12519604	0.14834149	-0.057151616	-0.0033124276	0.057056237	0.1437506	0.14408703	-0.012246094	-0.09806677	0.036466017	0.024360824	0.01815142	-0.026283406	0.13347466	0.0019918988	0.074255995	-0.1012107	0.14314759	-0.03423684	0.17637761	-0.052419066	0.12595816	0.04156168	0.06107848	-0.020873072	0.051417712	-0.09963721	-0.052619986	-0.0435121	0.11615141	0.14860019	0.08280465	-0.061498404	-0.0386951	0.020181898	0.2549525	0.068711914	-0.046910934	0.23309474	0.07529336	0.017396845	0.079284556	0.008990867	-0.052953437	0.07176108	0.0820669	-0.017854648	0.011536989	0.039237227	-0.06878647	0.003858035	0.103006855	0.28165403	-0.08377977	-0.074567266	-0.16867913	-0.1909369	0.13210034	0.13032006	-0.008735703	-0.04293678
0.056453977	-0.06326171	0.13758643	-0.24632892	-0.032059994	0.20251249	0.18486214	-0.28250647	-0.021550426	0.14679423	0.17453435	-0.07033116	-0.02793778	0.45136344	-0.33270368	0.007940161	-0.32735497	-0.06341939	-0.12812191	0.16730836	-0.040351562	0.281015	-0.14339425	0.18002874	0.17247418	0.009529149	0.09393467	-0.08292453	0.15074055	0.21350233	-0.29385522	0.008188186	0.028605508	-0.116792895	0.22598827	0.10460669	-0.078993104	0.12974408	-0.060200863	-0.073433675	0.09831624	-0.25930667	0.0041445917	0.18277083	0.24249953	-0.26297826	0.16403298	-0.09437382	0.035600636	0.28357697	-0.04653343	-0.3673484	0.35793066	-0.12595476	-0.0820397	-0.39943436	0.09450306	0.22610217	-0.055491004	-0.18414964	-0.42998534	-0.3394809	-0.25252268	0.06798216
-0.015749384	-0.021629851	0.015998384	-0.060880966	-0.05536941	-0.14471468	-0.01448451	0.014072467	0.17261106	-0.03125406	-0.10607638	-0.025832858	-0.0636925	0.06376568	0.16400608	-0.07391793	0.042240404	0.053921517	0.16561037	0.015312432	0.12970248	-0.1012317	0.2493096	-0.03320067	-0.0051446375	0.10642184	0.121677294	-0.18638785	0.12824994	-0.118356556	0.120955154	-0.08305795	0.05289087	0.16836232	-0.021750921	-0.21246131	-0.07971594	0.11146714	0.062080603	0.119041525	0.029128375	0.022454092	0.10166473	-0.03356948	-0.036997993	0.08853668	-0.047630597	0.128036	-0.1313732	-0.14554514	-0.10390077	0.20702484	-0.17387407	0.06298795	-0.068512864	-0.05621158	0.023976356	-0.23477487	0.041855607	0.0064849006	-0.19892995	0.16067222	0.2243114	-0.040995132
0.022474613	0.09449567	-0.09323367	-0.043528173	0.050694373	0.10364913	-0.06387138	0.03850153	0.15635613	-0.09690435	0.09709013	0.13528237	-0.095231764	0.13291971	0.08420106	-0.0279795	-0.18819998	0.07919677	0.04283256	-0.029277533	-0.056242023	-0.27315596	0.086072624	0.10097146	-0.053814996	0.0834041	0.02430971	-0.036410376	-0.1340635	0.1097983	0.18546668	-0.11192583	-0.03103214	0.12088757	-0.050846227	-0.15057425	0.10314888	-0.04303118	-0.12376726	0.07134779	-0.08708235	0.04865855	0.08225411	-0.031514294	0.03979105	0.13870133	-0.0010376329	0.101765	0.0020768323	-0.056611758	-0.02403911	0.1620489	-0.10315098	0.07928776	0.07071505	-0.05169524	-0.08677914	0.01718	0.0044680857	0.13327077	-0.14419898	-0.07071021	0.05729313	-0.028014677
0.054228585	0.21839029	-0.047641847	-0.06806579	0.14204027	-0.108677655	-0.14118858	0.29516512	0.078137375	-0.10382677	-0.18151674	0.06925206	-0.1299093	-0.0685527	0.043034554	-0.023884878	0.0010504663	-0.045980833	-0.034994837	-0.19438037	0.18108173	-0.3097816	0.1370109	0.032086425	-0.14453642	0.1518201	-0.050330177	-0.024774678	-0.008779528	-0.01688283	0.22090016	-0.06396807	0.04426165	0.12008901	-0.07785768	0.048046265	0.037131507	-0.021301504	-0.08748447	0.100201555	0.079979494	-0.050312534	0.050129753	-0.09880538	-0.12614985	0.34679744	0.024282264	-0.06671513	-0.23948109	-0.104274295	0.14936976	-0.0014699288	-0.19478637	0.057991784	0.14704885	0.011496354	-0.060552403	-0.08273298	0.14048146	0.12682933	-0.104262255	0.10649963	0.22249256	-0.13202874
-0.062474456	-0.19439255	0.31831917	-0.07967352	0.12929757	-0.09831748	0.07751951	-0.19168353	0.08164599	0.17436056	-0.19982786	-0.020457268	-0.058531668	0.03594836	-0.13131112	-0.060023908	0.10445068	0.015652854	0.079566106	-0.022766698	0.08935716	0.26632774	0.10595569	0.014037209	0.06830914	0.024909837	-0.041735724	-0.01452484	-0.051670324	-0.011490994	0.045582954	-0.09487056	0.16133754	0.0897727	0.060868207	-0.077804975	-0.17268002	0.11123171	-0.07527273	-0.06032438	0.017510608	-0.0046324553	-0.006480517	0.1785502	0.111548014	-0.12745136	-0.045862325	-0.03899409	-0.13175537	0.06930578	0.07710322	-0.044945113	0.07054229	0.07605255	-0.028996615	-0.20954871	-0.06576681	0.119079046	0.04302222	-0.22068226	0.07428149	0.14444683	0.081575066	-0.08447387
-0.052991092	-0.1326041	0.03860334	0.059473347	-0.0018046522	-0.18099953	-0.014481682	0.027005728	0.016631471	0.002531931	-0.27768394	-0.02015071	-0.024479013	-0.08828674	0.07806217	0.003045159	0.13207601	-0.02281867	0.06550229	-0.10418464	0.18739459	-0.02524321	0.19834623	-0.13649198	0.0030795282	0.027008347	-0.01970835	-0.042355243	0.01277742	-0.06819496	0.10763195	-0.03671956	0.15446037	0.20452458	-0.051840596	-0.05988149	-0.0898046	0.07441558	0.08223308	0.02893427	-0.021709928	0.11039724	0.048867326	-0.0051257475	0.041670397	0.07538963	0.004417265	-0.048827127	-0.076986276	-0.12827288	0.07671372	0.089441046	-0.1279145	0.078663796	0.1304938	0.13136098	-0.04223997	-0.16217592	-0.044628765	-0.05808321	0.0423461	0.22248107	0.1626982	-0.010125493
0.041250773	0.15342943	-0.2186739	0.04364752	0.011276283	-0.011032293	-0.15229952	0.08720861	0.08055073	-0.13206367	0.013409885	0.06818801	-0.19125316	0.21711498	-0.09446084	-0.17376837	-0.12911467	-0.102511235	0.1528408	0.033032857	0.02347852	-0.1611235	0.07531201	-0.029931001	-0.10950602	0.2504899	0.04409114	-0.0598558	0.06652745	0.0007971749	-0.017435297	0.25899664	0.19103104	0.1530178	0.09490787	-0.14188486	0.060015433	-0.15632558	0.2050172	0.14126411	-0.057447597	0.08900141	-0.003795829	-0.24829504	-0.0146418465	0.065390356	0.035569508	-0.09751563	0.072427385	0.083433606	0.1660019	0.06356765	-0.11823387	-0.29603803	0.19382884	-0.08749957	-0.1667645	-0.016146697	0.12606744	0.19246304	-0.17763786	-0.15515551	-0.21427687	0.09165052
-0.10510593	-0.13322416	0.06399284	0.011327789	-0.13559842	-0.042099748	0.13678436	-0.29616204	-0.041283444	0.06433875	-0.008050019	-0.10653043	-0.0048648557	0.05054243	-0.09129493	-0.05945823	0.046989508	-0.04628265	-0.0048546507	0.071232185	-0.048706535	0.37902412	-0.047947627	0.22543405	0.093709275	-0.011493485	-0.01961141	0.01621693	0.0053409557	0.051193576	-0.06440051	0.041970957	-0.039952055	-0.05406733	0.021041162	-0.031660795	-0.03973168	0.056858156	-0.0960369	-0.018425759	-0.010088969	-0.036354326	-0.08992145	-0.009319848	-0.110924505	-0.16690879	-0.01594881	-0.109886974	-0.0182424	-0.06808951	-0.03907951	0.02857239	0.10900947	0.043730088	-0.09712587	-0.16254503	0.049530853	0.06334891	-0.003595531	0.024676617	-0.1172165	0.030255664	-0.018316643	0.086840264
-0.06426011	-0.18220043	0.18654592	-0.02767768	-0.03780382	-0.05403701	0.054915983	-0.19641976	-0.082234964	0.11058319	0.07563436	-0.1945035	-0.049732696	0.01846248	-0.05655445	-0.06897351	0.16200183	-0.07218785	0.067637384	0.027755536	-0.03837833	0.20037764	-0.029334607	0.17162335	0.13198178	0.03835634	-0.035840556	-0.055516068	0.12347449	0.03534904	-0.0769059	-0.12600686	0.09604743	-0.006575289	0.101713024	-0.019284314	-0.20018648	0.14543416	0.05082484	-0.08928085	-0.10670037	-0.027312513	-0.012399001	0.19037782	0.11687594	-0.1494936	-0.024659917	0.08127404	-0.061933752	-0.11172922	0.046283424	0.09008492	0.029978925	0.010294686	-0.06899682	-0.16896647	-0.11974833	0.054812394	0.048238352	-0.23828906	0.018967396	0.115250885	0.06494634	0.07898058
0.04831129	0.10218179	-0.031244792	-0.11451975	0.027523557	-0.011572459	-0.09165565	0.14386885	0.084520824	-0.0066509563	0.07616109	-0.05083592	-0.050754398	0.0048451903	0.04361056	0.039713148	-0.11480186	0.030688621	0.015819939	0.06758025	-0.009479808	-0.2782333	0.11947488	0.0186978	-0.094452865	0.0749131	0.073937915	-0.10804178	-0.012819905	0.066886984	0.097977325	0.028221501	0.07275798	0.08995823	-0.065022625	0.007329281	0.06094684	0.0008815186	0.070081905	0.14398155	-0.0614293	0.08589101	0.026201466	-0.070175864	0.028881092	0.09527747	-0.035560206	0.08045754	-0.06416577	-0.04373489	0.0712724	0.1126545	-0.052001182	0.022856234	0.07147635	0.02393142	-0.061836615	-0.08386959	0.12955238	0.08595209	-0.03011143	-0.17478177	-0.045501787	-0.010147319
0.09822902	0.28274542	-0.23958483	-0.04758169	0.06248046	-0.0061959	-0.23859628	0.37859958	0.12372083	-0.022672076	-0.0837105	0.088446096	0.012217493	-0.11310152	0.0061074533	0.22531165	0.108162515	-0.010134553	-0.18705273	0.017888198	0.21179478	-0.32937187	-0.03923206	-0.048613448	-0.347223	0.14400788	-0.0936234	0.04993907	0.001828838	-0.08622745	0.13833441	0.09327719	-0.098250836	-0.0058988915	-0.12233632	0.05196964	0.22398825	-0.16522841	0.14272968	0.032394323	0.14850695	-0.13038163	0.01436498	-0.3006739	-0.06420666	0.26572874	0.15967298	-0.11494949	-0.0070256246	-0.11888909	-0.06551822	-0.0419024	-0.17979357	0.013791163	-0.15037154	0.14035286	0.054704245	-0.059526417	-0.07032141	0.23621885	-0.059184685	-0.0058416147	0.038846772	-0.0675051
-0.06270149	0.23816788	-0.06885838	0.043978818	0.10009747	0.049140092	-0.11575663	0.20743033	0.0813869	-0.11555754	0.009040124	0.09709175	0.093541786	-0.094434254	0.15489568	0.04572266	0.030420812	0.03281438	-0.080859646	-0.13461684	0.07858388	-0.20024206	0.034956347	-0.0008460968	-0.07755638	0.031552825	0.0028929168	-0.033716675	-0.016099356	0.02195883	0.066804856	-0.06317159	-0.14357196	-0.1144999	-0.029263284	-0.01752165	0.13301408	-0.024016833	-0.035116185	0.11973304	0.09614958	0.03768876	0.078183636	-0.057471074	-0.019316508	0.087842	0.03665711	0.1522931	-0.07534454	-0.057628285	0.10764405	-0.014215052	0.098693326	0.064883545	-0.08717387	0.16287784	0.09770302	0.09883847	-0.12712061	0.20448673	-0.021943875	-0.10998785	0.06983296	-0.10162151
-0.2116153	-0.12761796	0.041936543	0.25997394	-0.060105536	-0.022176137	-0.016171882	0.044552397	0.013500248	0.1399927	0.09656605	-0.18713792	-0.08626161	-0.2681288	0.32968548	-0.19202296	0.21407565	-0.09534809	0.057812177	-0.20449191	-0.057379868	0.041302253	0.042871404	-0.028901495	0.09716463	0.13499217	0.18729594	0.004016797	0.22916499	-0.1808132	0.12617925	-0.24803089	0.11826035	-0.020336086	0.057342377	0.099585086	-0.14934376	0.20633528	0.15072602	0.11503718	-0.21174668	-0.050550018	0.2066616	0.07132975	0.17670763	-0.08536862	0.038787138	0.26935455	0.044269204	-0.28029594	0.10807661	0.27369902	-0.07074172	0.09299319	0.12910597	0.18460128	-0.10120307	-0.072733544	0.14686039	-0.086791106	0.26189843	-0.17891385	0.14248703	-0.004382667
0.021903135	0.08144798	0.028501503	-0.062224608	0.11608696	0.13709518	-0.15140869	0.0022697025	0.06406723	0.123985484	0.13710614	-0.03845103	-0.13715215	-0.0635065	0.12799239	-0.07726166	0.079958856	-0.24836013	-0.16029137	0.048546813	-0.111466326	0.1532126	-0.07663276	-0.0076743104	-0.073348545	0.16585205	0.17444068	-0.33829287	0.13286047	0.15038675	-0.0016523412	-0.006669067	0.16571055	-0.14840119	0.31238702	0.0459121	-0.026900418	-0.02973401	0.03534619	0.12908208	-0.26639694	-0.30417946	0.079658434	0.010309917	0.46702966	-0.07329349	0.08277787	0.24388184	-0.106341496	-0.16349941	0.1384278	0.017287107	0.18445541	-0.16908967	-0.18605287	-0.2502346	-0.30125558	0.20048936	0.1384952	0.04895016	-0.09097541	-0.13823284	-0.0031956022	0.079432726
-0.13621563	-0.026652012	-0.029153833	0.15467796	0.07202922	-0.14652553	-0.121150844	0.15195218	-0.023760468	-0.11215808	-0.10343804	-0.040880412	-0.15758789	-0.12535411	-0.0323956	-0.12730034	0.027122986	-0.07793853	0.17127165	-0.009905502	0.0028874339	-0.15950471	0.025125673	-0.11579012	0.10090162	0.18094952	0.14214167	0.0130381	-0.027926706	-0.13220942	0.047671832	0.14195286	0.17247102	0.18013953	0.15707149	-0.120489605	0.04080138	-0.07157882	0.2462645	0.15363184	-0.26139972	0.300444	0.006670332	-0.014039796	0.117698185	0.17724134	-0.05395169	0.10794273	-0.035311908	-0.15420781	0.06721574	0.20507167	-0.15014556	-0.06670653	0.30799592	0.21964157	-0.17078878	-0.014856647	0.02953382	0.002716321	0.1687757	0.086272106	-0.0048381467	0.11122994
-0.07818089	-0.14340557	0.14317259	-0.07062851	0.10197935	-0.1725741	0.013915546	-0.026969643	0.03635738	0.15997663	-0.06305001	-0.020974101	-0.18924181	0.11013156	-0.17056915	-0.029518051	-0.049798395	-0.40572158	-0.02979847	-0.073862195	0.2319871	0.4526765	0.00033809064	0.04791455	0.076408125	0.07949727	0.1239447	-0.20039456	0.31412867	-0.038965017	-0.2854804	-0.03967328	0.2183417	0.057565555	0.40685976	0.047193583	-0.11904151	0.22465636	0.16708243	0.1481991	0.12875646	0.040790692	0.046663105	0.17331503	0.08493977	-0.38428956	-0.12213362	-0.04107961	0.055701885	-0.03630691	0.28598404	-0.09497972	0.11210296	-0.14192688	0.069319226	-0.011699305	-0.10952116	-0.11684347	-0.04715281	-0.29993865	-0.2529253	0.10300555	-0.021509966	0.005177375
0.11780707	0.044707455	-0.03216572	-0.016380139	0.06954593	0.12353244	-0.0034855974	0.10267414	0.1545991	0.07312661	0.1349583	0.040528774	0.08820549	-0.10204853	0.09484207	-0.09593119	0.10929816	-0.02118193	-0.05357503	0.024111655	-0.14743489	-0.16696857	0.12908873	0.100558676	-0.12602955	0.07144281	0.02765028	-0.08955936	0.12659796	0.22981068	0.08129793	-0.18519713	0.0198601	-0.003101168	-0.05932883	0.0035441383	0.022923915	-0.09917522	-0.06281928	0.10348699	-0.01476324	0.014613344	0.26866642	-0.054055784	0.13154271	0.112608686	0.08307182	0.105813265	-0.12977749	-0.16100773	0.16940758	-0.04668518	0.05647087	0.022663493	-0.05178908	0.064720064	0.060903832	-0.00092194235	-0.019085187	0.034155894	-9.000114e-05	-0.22182167	0.04896905	-0.1417178
-0.30866003	-0.098725855	0.012821723	0.24141076	-0.26955718	-0.08985734	0.15989652	-0.16674341	-0.24898079	-0.05187913	-0.019210668	-0.26560426	0.12124664	-0.15344653	0.11689956	-0.04746163	0.14116941	0.14898272	0.14915921	-0.102576405	-0.05136334	0.0913984	-0.14945063	0.11776408	0.16177288	-0.22738884	-0.118304424	0.2062754	-0.0075079273	-0.101894245	0.1746057	-0.041673336	-0.11394162	-0.21812227	-0.16081178	0.07936183	-0.070628494	0.090830244	-0.110548295	-0.15409897	-0.056291442	-0.000113205635	-0.056626454	-0.09607706	-0.12765737	-0.00022878152	-0.11577361	-0.13530783	0.048529107	-0.30331784	-0.16597863	-0.0017158125	-0.006646257	0.27120444	-0.040046915	0.1105778	0.04616884	0.017456112	-0.06517972	0.081610814	0.30794343	-0.015302479	0.0706438	0.012391592
-0.042097066	-0.1352929	0.09373212	0.09157779	0.110617965	-0.05867144	-0.07876417	-0.03819247	0.05063563	0.14367807	-0.11894644	-0.06626034	-0.04937335	-0.034365144	0.018624777	-0.045047387	0.13076888	-0.07019942	0.07123566	-0.0018029017	0.048620787	0.0912899	0.029428825	-0.07721261	0.07024363	0.07041724	-0.157651	0.017299483	0.14992367	-0.116620325	-0.05660229	-0.091025904	0.13890162	0.08517738	0.12555908	-0.05655328	-0.059285767	0.07037391	0.15629753	0.019287646	-0.053741835	0.063266076	0.06300385	-0.0128542585	0.05378191	0.047359254	-0.036806118	-0.0469616	0.017423498	-0.20169047	-0.019989297	-0.11023685	-0.09788417	-0.018694561	-0.057119157	0.14871249	-0.15313368	0.038188282	-0.13298833	-0.18337327	0.060936034	0.14766172	0.031510938	-0.014137779
-0.037863456	-0.05726481	-0.012519129	-0.06977569	-0.01446603	0.05313622	-0.0645143	0.076853395	0.09979609	0.0724387	-0.047847133	-0.02767921	-0.03433616	0.04529757	0.042459745	-0.055276357	-0.056065883	-0.09101962	0.013519601	-0.06834694	0.056426816	-0.12978095	0.08474564	0.03695336	-0.06776081	0.055893466	0.106614545	-0.08691047	0.04362744	-0.0069559584	0.10023051	-0.06252814	0.09380604	0.058751523	-0.029962784	-0.06343001	-0.023063812	0.027020061	-0.044067003	-0.030586526	0.004322367	0.021624232	0.038978934	0.021913117	0.0430257	0.16932502	-0.10252058	0.05417809	-0.081563555	-0.10101347	-0.038895965	-0.06231418	-0.07409546	0.05501472	0.07340204	-0.015666232	-0.04336241	-0.28546774	0.024818333	0.025726931	-0.03877457	0.12755318	0.09372568	-0.17534904
-0.015666503	0.051292352	-0.15789185	0.0096944515	0.05224011	-0.12266977	-0.024785185	0.30204898	-0.097557195	-0.101320304	-0.101187915	-0.0909779	0.012222265	-0.15943506	0.3167949	-0.016721306	0.23534116	-0.092997424	0.078316614	-0.19945581	-0.005051746	-0.3280926	0.09941296	0.056800824	-0.043169715	-0.06593865	0.22092055	0.13171937	0.03508356	-0.059256766	0.12796284	-0.03234824	-0.014983296	-0.0017405784	-0.08226054	-0.012499818	0.015254986	0.22429204	0.21332547	0.05566769	0.026184851	0.1483968	0.13305971	-0.17235382	-0.17054024	0.2975032	-0.048240654	0.06629296	0.16322279	-0.38638714	0.076500945	0.45572612	-0.19139239	0.268427	0.20182887	0.52619994	0.1319872	-0.45947963	-0.12569752	0.13841566	0.08022095	0.0642473	0.13261613	-0.20621291
-0.02884947	-0.046738245	0.109388225	-0.03436615	0.039959602	0.23241422	-0.091424055	0.018940683	0.061821762	0.1385638	0.4588356	-0.10397833	-0.11948509	0.0072559947	0.09753446	-0.08799373	-0.049562592	-0.28048453	-0.105734885	0.14025839	-0.25908485	0.17400469	-0.12198767	0.18253456	0.123528495	0.23528099	0.25516665	-0.25147334	0.22884516	0.28853577	-0.06910404	-0.17973623	0.17788123	-0.100676775	0.16799895	0.05539055	-0.0418983	0.11832502	0.10995833	0.075293854	-0.21809717	-0.28676084	0.050234526	0.095428124	0.4576926	-0.21334201	0.03808966	0.3587877	0.05431745	-0.07402427	0.07082013	-0.08538425	0.24360286	-0.0459486	-0.13580248	-0.14843316	-0.1542643	0.13231312	0.20909455	-0.06910423	0.014798667	-0.3877418	-0.18809858	0.110157266
-0.029193744	0.09926139	-0.028860547	0.15242188	0.084809765	-0.19943437	-0.1669882	0.26000404	0.059732147	-0.05861661	-0.1680981	-0.14853375	0.05398045	-0.23955292	0.11743994	0.09595563	0.26714683	-0.010990814	0.046981808	-0.01478818	0.112301186	-0.22738568	0.090660624	-0.13634133	-0.013078107	0.027447289	-0.048729025	0.11697405	-0.05975074	-0.23413381	0.2197315	0.017104689	-0.002362254	-0.023797153	0.004103258	0.11545409	0.064681955	-0.055840727	0.22134843	0.10888633	-0.0351804	0.13524616	0.016650524	-0.10639624	-0.0929121	0.1720428	-0.016325204	0.04271582	0.062069662	-0.29598683	0.05643217	0.05232378	-0.18094802	0.1578507	-0.050031897	0.46051186	-0.023593934	0.02992609	-0.003698662	0.0825492	0.24300788	0.09262468	0.12589832	0.03290463
-0.054768387	-0.082977585	0.24417937	0.077609345	0.21750173	0.008037299	-0.14462289	-0.024037022	0.17042041	0.24247351	0.075637266	-0.14988077	-0.26396605	0.01205573	-0.051555205	-0.43338367	0.09765136	-0.36331466	-0.010313029	0.028293766	0.20294853	0.08616924	0.007714111	-0.15206763	0.14512168	0.31792748	0.23788942	-0.28037015	0.29705128	0.010731303	9.0982176e-05	-0.2737349	0.24275045	0.1244231	0.311856	-0.22668716	-0.18868507	0.077798694	0.08681187	0.13214596	-0.16572824	-0.1493878	0.16380939	0.39946306	0.4144285	0.020690063	-0.22525196	0.30981794	-0.3099973	0.104379974	0.28584167	-0.011327813	0.078863844	-0.13189727	0.119259566	-0.17726895	-0.39157316	-0.0049827066	0.3250951	-0.18035167	-0.053376917	0.112107344	0.03313324	-0.023048636
-0.11606893	-0.21993741	0.15589407	-0.15308028	0.1988886	-0.019705202	0.07021	-0.17603824	0.069755726	0.17008846	-0.08409247	-0.17241055	0.027381351	-0.016980587	0.20540883	0.0072458703	-0.007384327	-0.038772207	-0.08204563	-0.01902033	-0.10197441	0.13540816	0.23717873	-0.0031955824	-0.00097249664	-0.048292186	0.0528944	-0.11311758	-0.034416635	0.15631495	0.2179714	-0.30064717	0.16448887	0.10581462	-0.10351661	0.010143621	-0.16142471	0.2647617	-0.20322655	0.051112033	0.08016305	-0.20351656	0.045437947	0.2091003	0.025882412	-0.01743831	-0.10406491	0.093865335	-0.102321066	-0.14799556	-0.101912536	-0.05454521	-0.045511782	0.4016297	-0.08869976	-0.07222126	-0.12050598	-0.120484024	0.14152713	-0.016483815	0.034180205	0.078561544	0.28896764	-0.16825777
-0.008389565	-0.07055497	0.036561955	-0.16684787	-0.18520275	0.05790339	0.20759533	-0.15893318	-0.29235974	0.14919612	0.058891576	-0.10715126	0.12928003	0.09742207	-0.090820275	0.0959166	-0.12295504	0.26327106	0.09636929	0.02126253	-0.017088633	0.34117824	-0.088526875	0.23148003	0.16137443	-0.06789284	-0.16997972	0.065045066	-0.043008696	0.10204533	-0.03371565	0.055479474	-0.20475021	-0.28205672	-0.14702016	-0.004996119	-0.17310643	0.093852445	-0.1820104	-0.062079832	-0.08666695	-0.1687067	-0.18357155	0.13577424	0.027036618	-0.33012956	-0.039422505	-0.11194057	0.057657722	0.07177991	-0.24736458	-0.124674425	0.22663537	0.0015487319	-0.21606535	-0.2099345	0.08821084	0.03249958	-0.16790153	-0.07877729	-0.09646596	0.07065601	0.0042949812	0.0573275
-0.058842827	0.014568034	0.06362774	0.1346814	-0.023214119	-0.20396471	-0.058778714	0.11870525	-0.0025893382	-0.063475795	-0.09855452	-0.08364152	0.048523087	-0.1410629	0.0430042	0.05793808	0.10370747	-0.021250958	0.15503964	-0.1807374	0.25498617	-0.11589844	0.090847656	-0.15267731	0.008576067	-0.011783198	-0.10755384	0.16032913	0.10493617	-0.19679055	0.04131266	-0.007903347	0.15587343	0.008916244	-0.050224952	0.05831011	-0.06012586	0.14765462	0.11486869	0.029985825	0.07244723	0.24423777	0.09928355	-0.026633902	-0.14999712	0.062301498	-0.056021433	-0.030713916	-0.01916042	-0.11833569	0.09113792	-0.031352427	-0.07651682	0.1207363	0.076106995	0.1859767	0.030176243	-0.20060396	-0.14006095	0.033382017	0.0952581	0.2704701	0.120511435	-0.10071458
-0.19257265	-0.09132028	0.12089609	-0.0050482284	-0.2111651	-0.12557736	0.2714363	-0.024266377	-0.24242955	-0.077956244	0.07543995	-0.26933882	0.05799876	-0.055452954	0.123436324	-0.014821025	0.08671416	0.24226302	0.2246799	-0.050632305	0.079151325	0.047107205	-0.11109837	0.2743437	0.14600173	-0.252718	0.021597346	0.27831262	0.073511705	-0.031029103	-0.065850735	-0.048608497	-0.16188407	-0.07695252	-0.22716948	0.010869299	-0.11040052	0.2223439	-0.14026077	-0.18748783	0.1440462	-0.04750171	-0.0034678548	0.066089325	-0.202919	-0.008337937	-0.08217233	0.030769069	0.13074279	-0.047028854	-0.18766296	0.17414026	-0.093541965	0.27931067	0.119054675	0.091584735	0.17701562	-0.17046963	-0.2655454	-0.01992423	0.08959413	0.04945416	0.15388522	-0.06558027
-0.10625024	-0.16548051	0.08566571	0.042704977	-0.044336732	-0.17489435	0.15982352	-0.16075763	-0.20348196	0.07408563	-0.03395277	-0.15947343	0.03416273	0.2033187	0.041427474	-0.06581758	-0.011240206	-0.0027589716	0.14404638	-0.040799625	0.05512955	0.07586367	-0.033905257	0.06896231	0.19303039	-0.10118946	-0.053854052	0.09858048	0.04430664	-0.020328876	-0.019740146	-0.11185276	-0.009439988	-0.11446787	0.033234324	-0.08074842	-0.20341302	0.093234845	-0.012966192	-0.063639626	-0.028060606	-0.039379876	-0.10184096	0.12954141	-0.071233325	-0.08847877	-0.098258406	-0.040680677	0.045644037	0.13771959	0.06322051	0.016795477	0.106762	0.17404887	0.04450596	-0.024710156	0.003923057	-0.03366602	-0.04288614	-0.015145405	0.049120676	0.14044355	0.046620835	-0.13013041
-0.054638013	-0.054360766	0.10347548	0.09724987	0.05124716	-0.08508407	0.00321533	-0.058409274	0.074937314	0.06842855	-0.0283617	-0.11013602	0.017884705	0.005359026	-0.031763997	-0.048153028	0.026994437	-0.034937825	0.06925846	0.08903618	0.14141151	0.027245529	0.018788239	-0.12494952	0.09898733	-0.008387849	-0.043399036	0.0063443854	0.030622458	-0.037525646	-0.033825263	-0.027237697	0.12600207	0.011063984	0.09341475	-0.11877209	-0.10302382	0.023259887	0.051347874	-0.027620936	-0.09256381	-0.022149313	0.01661145	0.03470361	0.020455925	0.045856718	-0.050567135	-0.06497879	-0.020795671	0.13842349	-0.03031599	-0.10315673	-0.052074842	0.105949245	-0.029582825	-0.14129755	-0.09362767	0.044291046	0.076199844	-0.12338665	0.12998405	0.09414915	0.06706148	-0.055043586
0.3141953	-0.042136192	0.10858112	-0.16152975	0.29891205	-0.08832896	-0.19443516	-0.015039754	0.24628705	0.31935525	-0.08913875	0.047698595	-0.07685521	0.13461548	-0.1864361	-0.05040405	0.21220472	-0.1773282	-0.22562772	0.27238038	0.16948926	-0.054674465	0.2585566	0.13141115	0.06656732	0.29642266	0.08054275	-0.34537902	0.20850085	0.121992834	-0.09937204	-0.30584785	0.1428789	0.18850295	0.21012618	-0.05850726	-0.18334664	-0.036905207	0.20154601	-0.24000762	0.11370994	-0.06249382	0.04333257	0.3890254	0.26824886	0.049247928	-0.13729389	0.15211532	-0.17403223	0.18675527	0.16886163	-0.41744384	-0.042827055	-0.15857033	-0.10634709	0.05635469	-0.16687803	-0.2362087	0.082812585	-0.37188584	-0.078253016	0.051397298	-0.1929603	-0.07107312
0.14829779	-0.03460815	-0.0070407377	-0.014558366	0.14009902	0.04094247	-0.15906811	0.115437314	0.16972736	0.09578157	-0.048980758	0.10803698	-0.043252863	-0.11204101	0.006785265	0.0040357793	0.051092017	-0.112737976	-0.090066545	0.071868695	-0.022093276	-0.13346528	0.13867149	0.02903926	-0.01058099	0.098738074	0.10141068	-0.11781885	-0.061682925	0.08058241	0.072900124	-0.039014254	0.0054670987	0.08839926	0.05510147	-0.12827691	0.02409212	-0.12779851	0.0001815479	-0.012980692	-0.049169272	-0.07847056	0.071972124	0.0697675	0.16391087	0.25385085	0.029820986	0.13331036	-0.13861483	0.054531686	0.0070198188	-0.009568132	-0.10590757	-0.033094868	-0.02479045	-0.11290513	-0.11983714	0.0954527	0.18405291	-0.038030237	-0.02730621	-0.007462079	0.07794437	0.04639637
-0.047484122	0.06785913	-0.023697231	0.14959902	0.069268726	-0.10656397	-0.15244278	0.13370346	0.027754467	-0.005515405	-0.045800723	0.018316083	0.03503534	-0.15673864	0.12294326	-0.044990484	0.13206609	-0.011761942	0.08690297	-0.030802885	-0.04331702	-0.25404617	0.0747328	-0.04571598	-0.0318091	0.06335217	-0.015541521	0.08742206	0.009032555	-0.04552627	0.2237996	-0.06481526	0.031056086	0.017822253	-0.0861084	-0.06173521	0.077793285	0.017941685	0.07650995	0.016495366	-0.0847113	0.06960204	0.059954327	-0.12380095	-0.005008635	0.20933206	-0.06068118	0.007201729	-0.0968736	-0.18297742	0.0077926344	0.060287725	-0.099200964	0.19228107	0.0904377	0.19220081	-0.0046937023	-0.036704745	0.11755916	0.06532877	0.15918599	-0.041427724	0.06010327	-0.1477207
-0.0031810778	-0.098374724	0.07236056	0.012172759	0.06859447	0.040732704	-0.01848371	-0.014212989	0.049673013	-0.029635772	-0.03738925	-0.09140973	-0.08101064	-0.11497336	-0.0031621712	0.066006996	-0.092119604	-0.048135955	-0.03301924	0.011703518	0.004142804	-0.019158674	-0.049226075	-0.14636914	0.037379738	0.019847289	0.047526482	-0.029018603	-0.0058436207	0.06576039	0.14986803	-0.034654927	0.11592297	0.0739466	0.12600745	0.009657278	-0.095611155	0.0438242	-0.02489091	-0.08999679	-0.08465843	-0.09997841	-0.06967377	0.12219802	0.07007417	0.10967495	-0.0046351356	0.012008936	-0.046864863	0.17085709	-0.007611008	-0.07069267	0.0023904685	0.0140055595	0.08992516	-0.19827673	-0.18566386	0.0836368	0.17678803	0.037094086	0.08758699	0.050825235	0.016255956	0.02176638
0.122377716	0.06382831	-0.08174227	0.044771425	0.10196648	-0.098293915	-0.16033636	0.17634171	0.24278831	-0.085352376	0.12098289	0.081909046	-0.056539446	-0.02444341	0.08084104	-0.07023414	0.06719613	-0.13869321	0.021045553	0.053728584	-0.20204756	-0.25369647	0.18840018	0.0073001552	0.005558237	0.123371966	0.10875225	-0.15369853	0.05336144	-0.06607628	-0.024954021	0.09198755	0.23499028	0.19374008	0.11108567	-0.17243682	0.1005377	-0.028695604	0.29873043	0.17492366	-0.112250455	0.29008606	-0.022362338	-0.017288791	0.10302387	0.17123362	-0.09277372	0.010243479	0.044602774	-0.16785993	0.13677199	0.15041474	-0.2484054	-0.1156781	0.118360326	0.14896025	-0.18838912	-0.34948114	0.12800969	-0.08001613	-0.0045012743	-0.031097705	-0.1721004	0.009145704
-0.017345702	-0.04100702	0.011606122	0.2371001	0.07460141	-0.009852088	-0.22166434	0.16317837	0.13197127	0.041111615	0.10734332	0.005093614	0.04165501	-0.1970996	0.08830984	-0.111074395	0.14217465	-0.041666623	-0.064093575	-0.011186403	-0.045853335	-0.097994424	-0.013691205	-0.14420919	0.016361257	0.093996786	-0.20716032	-0.023708077	-0.0548773	-0.051057648	0.16017802	-0.13275279	0.12866592	-0.036198955	-0.020353384	-0.022997696	0.018491013	-0.11807399	0.18894129	0.09455101	-0.13999297	0.14816952	0.038358193	-0.009051423	0.14983061	0.05105745	-0.04186144	-0.029728204	-0.039547715	-0.106119506	0.19151679	0.018706625	0.004202777	0.051614754	-0.06023069	0.14083824	-0.098420545	0.077233344	0.082670026	-0.014202234	0.30499956	-0.10173858	-0.07778535	-0.06906706
-0.040742062	0.051680725	0.03473692	0.13986817	0.27763718	-0.1749551	-0.32554778	0.2146717	0.12938324	-0.09540868	-0.20102052	-0.10771894	-0.10356647	-0.23738664	-0.0101414565	0.052347098	0.11422677	-0.053081445	0.062394943	-0.070587866	0.1544521	-0.19323349	0.087422214	-0.29161185	0.021408137	0.18723747	0.068087116	-0.11625438	0.015953314	-0.35420385	0.13677886	0.03830753	0.30898675	0.15601887	0.17147344	-0.0007932736	0.053639892	0.04748102	0.29078448	0.1709653	-0.103899315	0.23446073	-0.130967	0.06973695	0.08737493	0.1146273	-0.007950458	-0.0046497113	-0.2640151	-0.20376928	0.015184037	0.26687512	-0.31011683	-0.07925167	0.1746741	0.19540682	-0.27815127	-0.23494057	0.18386003	-0.040656943	0.11017931	0.299608	0.25201893	0.13147809
-0.10496014	0.032397423	0.00530261	0.06627694	-0.006163461	-0.18114705	-0.037247322	0.15914223	-0.018448303	-0.06092784	-0.043414123	-0.09521739	-0.09415056	-0.0059068264	0.041185647	-0.039582618	0.11921335	-0.112784564	0.06615347	-0.18400101	0.1064498	-0.062274728	-0.07350757	-0.04269903	-0.036824677	0.023607373	0.045945257	0.06803711	0.12810597	-0.046878632	0.052915074	-0.028701106	0.1099889	-0.010707613	0.106188454	-0.04284217	-0.00269669	0.082797244	0.09526254	-0.019893786	0.056751963	0.018358063	0.12154371	-0.09019454	0.010274573	0.16857634	-0.10957306	0.00016944527	-0.05969577	-0.09195324	0.1620882	0.06294397	-0.14147916	0.064930424	0.18123569	0.121947154	-0.09253023	-0.12268885	0.024827855	0.054490905	0.11164594	0.12189449	0.12761132	-0.14881457
-0.013514461	-0.104462445	0.11119636	0.12786603	0.13353573	0.06483859	-0.009995139	-0.060625505	0.15663604	0.16324663	0.020109741	-0.05862405	-0.11031704	-0.11291675	-0.12432461	-0.16206495	0.042369585	-0.21743116	-0.13743857	0.048243795	-0.040789336	0.14341708	0.0023139743	-0.055875927	0.028904356	0.036298543	0.14304115	-0.23587024	0.12330694	0.0037432848	-0.03252111	-0.19249582	0.2057798	0.12079347	0.21084267	-0.00542511	-0.059737366	-0.053394575	0.08836349	0.08908451	-0.1876727	-0.09611189	0.12750906	0.1276557	0.24770507	-0.14913134	-0.021277696	0.16348524	-0.11917337	0.15875992	0.10149234	-0.113473214	0.016798807	0.0052536344	0.008241998	-0.013213947	-0.22119653	0.053384326	0.21031755	-0.2109972	0.112799875	-0.023048399	-0.028139353	0.009863753
0.0720042	-0.08971018	0.06770959	-0.20885165	0.09225815	0.015341235	-0.016033737	-0.112475075	0.018130697	0.08780341	0.040877838	-0.08540384	-0.01826367	0.11612617	-0.10117892	0.013212107	-0.12079706	-0.030296512	-0.066030376	0.008677513	-0.02501308	0.1297596	-0.08548733	-0.041532904	0.04412467	0.070759885	0.15841362	-0.11472912	0.03458753	0.20364206	-0.07624774	0.057424832	0.040659	0.012417544	0.1973216	0.015590767	-0.117969446	0.0089652985	0.042853743	-0.00047094098	-0.058261562	-0.19202572	0.030983005	0.1615662	0.070028715	-0.106566325	0.022952877	0.07784532	-0.073513344	0.05725017	0.014434895	0.03983785	0.020198958	-0.037344377	-0.0294294	-0.2739146	-0.14880809	0.290141	0.08656573	-0.07791732	-0.21607798	0.044870775	0.016974354	0.143677
0.0034663368	0.010897408	-0.092751995	0.0053375796	-0.052033637	-0.07303945	-0.04391035	0.15491754	0.07436492	0.020445872	0.22668159	-0.053511824	-0.14574386	0.12533644	0.064598285	-0.18336658	0.048248246	-0.16692187	0.1554298	-0.090953395	0.04666249	-0.09940487	-0.040043402	0.121870585	-0.026866661	0.09877082	0.05921313	-0.03520751	0.17377764	0.08044264	0.029184517	-0.090470284	0.0647539	0.040790547	0.061247524	-0.15593258	0.02006759	0.035343118	0.07256995	0.15267016	-0.010198821	0.029499045	0.1942179	-0.13514543	0.0946766	0.14818476	-0.06441553	-0.02082235	-0.05674937	-0.15516809	0.14527275	0.2321052	-0.10678597	-0.032673612	0.1393161	0.087990075	-0.14889146	-0.18709135	-0.03688368	0.026157178	0.021196581	-0.058569785	0.030319005	-0.06692187
0.34770402	0.37197146	-0.18478219	-0.16406976	-0.04454803	-0.0037335544	-0.112265736	0.11792984	0.13204549	-0.18120357	0.08806251	0.2723853	-0.011124222	0.14577942	-0.08847399	0.0051276465	-0.25050104	-0.028536804	-0.13774619	0.11028125	-0.020992005	-0.04806629	-0.03163563	0.11333839	-0.25496402	0.122608155	-0.07565304	-0.012022948	0.0043131667	0.041219834	-0.016376227	0.16311274	0.014034569	0.06601532	-0.009278342	0.08236817	0.26578555	-0.382562	0.070669085	-0.08006415	0.13924487	-0.07356808	-0.11185892	-0.0012004462	-0.124913886	0.05262488	0.059127823	-0.12396498	0.07448624	0.101828	0.016886355	-0.16693364	-0.013582866	-0.24949387	0.0043234127	0.024794487	-0.082395956	0.08912203	0.00014225731	0.10158603	-0.27508456	-0.06426143	-0.08369582	0.069466986
-0.2423726	-0.2585539	0.2695551	0.09032544	0.12315875	-0.123141386	0.13497886	-0.1985784	-0.09280128	0.3006195	0.01699537	-0.31684017	-0.07916039	-0.08242951	0.08953516	-0.045000795	0.14318077	-0.11168456	0.00039419683	-0.12040576	0.027416576	0.19909161	-0.046644848	0.03272673	0.23283364	-0.080487095	-0.15078501	0.017237278	0.12330665	0.022170346	0.08067311	-0.2189384	0.040268876	-0.09336064	-0.09585188	0.013929147	-0.20864758	0.21598755	-0.1499478	-0.015017355	0.06206201	-0.05083589	-0.0035369718	0.18777518	0.15799762	-0.15317196	-0.17182168	-0.093932696	0.00089191686	-0.12485396	0.057469066	-0.04103518	0.14441456	0.25888845	-0.033709444	0.05327228	-0.06025252	-0.013589454	0.0075786533	-0.25403878	0.31909323	-0.03372548	0.14653416	-0.056642454
-0.12856504	0.032618046	-0.11483406	0.22537757	-0.09041765	-0.032778297	-0.16695628	0.26615804	-0.19160227	-0.23108757	-0.12569715	0.004652958	0.10537107	-0.28162766	0.025290426	0.15334764	0.14437635	0.047943033	-0.024926694	-0.17707394	0.00565816	-0.264408	-0.124941185	-0.095138624	-0.08108225	-0.18673955	-0.22389787	0.3507786	-0.24992864	-0.09705236	0.17754844	0.034007672	0.034389533	-0.07855153	-0.25620356	0.21612793	0.12079772	0.028636634	0.051373728	-0.06217762	0.020493953	0.08903989	-0.090161555	-0.21808547	-0.12604961	0.14950226	0.06502592	-0.21551353	-0.11006199	-0.19745155	0.035737526	0.11767168	-0.22211233	0.20149118	0.11341626	0.35500574	0.017881446	-0.200685	-0.026859215	0.12550256	0.29629335	0.1246302	0.055565115	0.015870353
0.052205916	0.031056432	-0.119716376	0.046939835	-0.22786622	-0.0102903955	0.015751472	0.06426478	0.13190739	-0.075041935	0.15359469	-0.0012185804	0.062554955	-0.013281488	0.06955746	-0.050545827	-0.028955404	0.15275833	0.072884254	-0.080672964	-0.110474676	-0.055271577	-0.108788505	0.093031034	0.0035327298	-0.086360075	0.039018687	0.1219995	0.035505634	0.004707211	0.023613285	0.043313064	-0.15102807	-0.099901296	-0.07938475	-0.094202004	0.09050992	0.0118928505	-0.051171534	-0.05281319	0.08909531	0.05550109	0.11725611	-0.15793933	-0.14727916	0.043514658	-0.066767804	-0.010621455	0.11828913	0.00234592	-0.04194641	0.058208816	-0.0063891024	0.026247226	0.018742537	0.085678704	0.15191375	0.12932754	-0.06731617	0.19823971	0.011796464	-0.12902866	0.0026203278	-0.087400146
-0.14465187	-0.16455418	0.03461028	0.16999266	-0.09956659	-0.19602819	0.17747183	0.045161	-0.09528976	0.1196621	-0.14712332	-0.17988905	-0.006641979	-0.07423492	0.31039116	-0.15136744	0.10729379	-0.008343541	0.12817083	-0.24842346	0.06726317	0.0017934603	0.060955606	0.02498566	0.066266984	-0.1329459	-0.03488319	0.0891109	0.13815065	-0.1266078	0.1683135	-0.19875193	-0.05310346	-0.014970617	-0.0861333	-0.11958764	-0.12600178	0.24964622	-0.061079778	0.08964815	-0.021351824	0.12276484	0.13048635	0.029799936	-0.06243444	0.056880124	-0.15303247	0.0637055	0.0052573667	-0.23782626	0.02938634	0.26344422	-0.14147672	0.3415073	0.11309748	0.27972504	0.07384565	-0.20830937	-0.08280486	0.040764708	0.26039448	0.086113624	0.16385588	-0.22114262
-0.06840774	-0.061003946	0.029984722	-0.09630892	0.06672295	0.043054633	0.008314815	0.09452717	0.029436296	3.7382175e-05	0.12219849	-0.10967016	-0.017882358	-0.08398953	0.2259339	-0.10416222	0.028483832	-0.17921723	-0.051482413	0.05146039	0.031597953	-0.056117557	0.019511925	0.058697235	0.07424692	0.0821734	0.24461488	-0.15818943	0.055194143	-0.008718796	0.20940305	-0.08820351	0.093227185	-0.08444869	0.08922076	0.0033712268	-0.0439705	0.19137105	0.00058306474	0.08791244	0.023701102	-0.14295575	0.012889546	0.17400636	0.0088841785	-0.028478894	-0.123555325	0.07249861	-0.011734382	-0.0389818	0.08158093	0.14919756	-0.103267506	0.090083756	0.0051902537	-0.025716394	-0.062463704	-0.30861735	0.19918571	0.020304168	-0.079219766	0.031510442	0.08591348	-0.0913715
0.2508155	0.22000465	-0.188615	0.006319029	0.09045311	-0.040201124	-0.2848875	0.28298107	0.20254916	-0.23867488	-0.101758905	0.08320445	-0.085177675	-0.15430522	-0.0100502465	-0.043481186	-0.14667946	-0.04033016	0.07072389	-0.02629144	0.012739179	-0.2492932	0.25403643	-0.08292923	-0.15799631	0.1970218	0.2142268	-0.11070017	0.03215951	-0.111323446	0.07691019	0.2050132	0.17134716	0.22979875	0.025838181	-0.04726492	0.15985192	-0.20726544	0.12606433	0.09629193	0.025385918	0.2488955	-0.031939253	-0.02213899	-0.047646273	0.1453015	-0.05896732	0.027024604	-0.1768579	-0.18202476	0.14179057	0.22501782	-0.26856154	-0.09454087	0.23278339	0.20817402	-0.08030064	-0.38165727	0.053138714	0.15095143	-0.16982202	0.1306803	0.04414172	-0.0017355094
-0.15819561	-0.1351801	0.05014962	0.24207272	0.05269974	-0.03686016	-0.07491549	-0.019055456	0.097444914	0.08905901	-0.07391703	-0.05607423	-0.1367435	-0.051929537	0.009375761	-0.11764799	0.10474349	-0.07636575	0.24376947	-0.12045263	0.06709472	0.038839903	0.060955774	-0.15237127	0.15607576	0.0415131	0.1905945	-0.11678898	0.10648782	-0.22462998	-0.008381219	-0.00273793	0.09694118	0.08548842	0.18957971	-0.20673175	-0.09423248	0.022650205	0.102320746	0.16159105	-0.19538577	0.2913753	0.10753148	0.053484872	0.10494263	0.009181952	-0.10530781	0.03875241	0.035970792	0.030983098	0.014364529	0.11971793	-0.0714731	0.05006478	0.17051347	0.070702896	-0.055374514	0.09511225	0.114257425	-0.102524206	0.11516281	0.052786473	-0.054552358	-0.0018011208
-0.041916624	-0.1396157	0.16866414	-0.13005751	0.043852903	0.021165518	0.13274536	-0.120625965	-0.105369136	0.18450543	0.059328064	-0.1474431	-0.1288166	0.23168665	-0.2994108	0.053929195	-0.0770723	-0.026956199	0.034438495	0.03268046	-0.024511576	0.20830092	-0.13430852	0.19426465	0.14289744	0.04479371	0.10883537	-0.05259969	0.1493199	-0.03426002	-0.27276754	0.07618011	0.07122775	0.014872554	0.30532062	0.014137115	-0.08010543	0.12157781	0.011004379	0.010900343	0.1024601	-0.019019397	-0.1395353	0.16121508	0.1162153	-0.22499473	-0.09607509	-0.2812773	0.16933642	0.031944733	-0.11910633	-0.316614	0.13077204	-0.088230245	-0.03251813	-0.28922102	-0.03022225	0.058651675	-0.08379848	-0.2575179	-0.20577702	0.16618456	-0.18898863	0.11428082
-0.15073249	-0.5484725	0.46741188	-0.015932027	0.06320921	-0.11079761	0.26097974	-0.4854683	-0.021320721	0.4721608	-0.12680446	-0.10198722	0.13453232	-0.06782694	0.08725583	-0.12444014	0.13567507	0.026657306	0.077690795	0.0068973177	-0.0050832713	0.3049697	0.10512998	-0.0071630892	0.32096696	-0.14536467	-0.08776143	-0.0624714	-0.0005192454	-0.0011412794	0.15414624	-0.36290735	0.03369474	0.039338626	-0.12520753	-0.16755645	-0.2656043	0.2513865	-0.31829706	-0.078219466	0.09259573	-0.05692416	0.018426836	0.43366748	0.0021767525	-0.120004624	-0.20429996	-0.009489612	-0.12774786	0.018173685	-0.04933991	-0.19185212	0.07398785	0.43426093	-0.0939733	-0.21158998	0.11793339	-0.0055868034	0.060601864	-0.3903475	0.3105055	0.09012416	0.18195441	-0.13511308
-0.032366335	0.04934513	-0.026161835	0.092084214	0.15508792	-0.050911874	-0.14543991	0.1397539	0.18107922	0.06854075	-0.12564631	0.106811315	-0.17617808	0.038745623	-0.08340128	-0.07655448	-0.038173944	-0.06553177	0.051232845	0.046524897	0.06610064	-0.18817094	0.10024274	-0.043577664	0.03920312	0.21735086	0.16495466	-0.15035357	0.081365526	0.031316504	0.03742149	0.02957002	0.06236716	0.1285305	0.15899064	-0.2216862	0.021496033	-0.11291652	0.04904094	0.06858189	-0.09386205	0.06575916	0.15921625	0.001634143	0.07803747	0.24649467	-0.0054979967	0.014073177	-0.05864113	-0.03354178	0.038401328	0.0036898258	-0.09007988	-0.12230832	0.073688984	-0.08339492	-0.054031357	-0.009403964	0.08790341	0.0019210676	-0.07604739	0.033464454	-0.055946358	-0.02406426
-0.18834397	0.013146061	0.02080562	0.18885545	0.1255472	0.083220854	-0.12030682	0.048703045	0.06987037	0.060902946	-0.05663464	-0.052950803	-0.03185789	-0.14695254	0.017533768	0.051520087	0.16349632	-0.036820363	-0.03097648	-0.061458565	-0.14082143	-0.13551266	0.0258938	-0.10758703	0.059235148	-0.011857092	-0.29812425	0.073635526	0.01434306	0.018542893	0.29380336	-0.0871716	0.12738253	-0.11415363	-0.016772095	0.012992106	0.023396844	-0.028849512	-0.01887514	0.032876495	-0.13379633	-0.06320875	0.06293348	-0.12700291	0.10185646	0.16587055	-0.005448425	0.02463328	-0.065996185	-0.27974325	0.15566738	-0.050274063	0.09676412	0.13964915	-0.13439967	0.1596657	-0.010975758	0.06759413	0.02093704	-0.020018095	0.24363337	-0.098892115	0.050055016	-0.07751099
0.1427362	0.14582978	-0.0071451906	0.010862856	0.2807779	0.06451259	-0.48270595	0.32185525	0.024219602	-0.10156546	-0.1297744	-0.1598183	-0.11967665	-0.16641858	-0.18436249	0.11544537	-0.026379863	-0.3182648	-0.1746755	0.24305446	0.12106022	-0.35262126	-0.018497463	-0.27091023	-0.12025792	0.27841952	0.04208826	-0.20450097	-0.119926885	-0.091964364	0.10838836	0.01941314	0.26854762	0.10233367	0.20889844	0.024746748	0.1045351	-0.2801136	0.23262814	-0.063772276	-0.1358381	-0.079972826	-0.10701778	0.23416172	0.2384663	0.19592778	0.017613828	0.0435079	-0.14080596	-0.18612234	-0.0277671	-0.093148075	-0.23880883	-0.34618926	0.094988056	-0.03106836	-0.38931945	-0.20747428	0.3583159	-0.20619142	-0.0038307756	0.24085891	0.04784384	0.2231314
-0.11999387	-0.15450568	0.12775289	0.12947111	0.17540137	-0.078406386	0.06734144	-0.104717195	0.019424174	0.21123666	0.013821821	-0.23834322	0.07237454	-0.0920283	-0.010666021	0.04689525	0.20298527	-0.017280629	0.09566904	0.061999023	0.101180315	0.13411193	-0.065784656	-0.11017764	0.21306692	-0.071753606	-0.08202528	-0.03508836	0.15810286	-0.1919037	-0.074606374	-0.044770673	0.1255161	-0.073337466	0.12485206	0.02085922	-0.15645486	0.07287331	0.2789504	0.011119006	-0.13751596	0.11583089	0.016231889	0.089049846	0.1213148	-0.09559758	-0.14526007	-0.060525283	0.14980286	-0.16137539	-0.08743921	-0.19822098	0.073887505	0.12169267	-0.094808646	0.23974204	-0.18737243	-0.0077136573	-0.111414775	-0.26829723	0.21269444	0.10327047	-0.0117077315	0.01083515
-0.14567599	-0.07723682	0.006611979	0.10837734	-0.117573515	-0.11899051	0.08816412	-0.044150706	-0.13679929	0.029614741	0.07347705	-0.10092635	0.014680817	-0.00090170547	0.0712976	-0.108545706	0.0057423306	-0.018751433	0.1416322	-0.035749342	-0.022767676	0.017241117	-0.030072328	0.06909732	0.053248335	-0.08209172	-0.030857122	0.12507117	0.006079864	0.051726736	-0.010255928	-0.014876063	0.010453998	-0.03732351	-0.025750747	-0.03866475	-0.10549716	0.11620276	-0.021411318	0.021322327	-0.09080921	0.07823643	-0.035550095	-0.0035936832	0.0057861404	-0.0105217295	-0.049115483	-0.10233905	0.0702492	-0.07843721	-0.0017669061	0.08496154	-0.048174232	0.18184584	0.08088875	-0.01084902	0.009931798	0.0075820074	-0.00412323	0.037854742	0.1389265	0.02217508	0.024050863	-0.029179716
-0.020917289	-0.089413606	0.06600757	0.046493284	0.017016577	-0.025264608	0.0062802513	0.030413143	0.051345173	0.0017196442	-0.039597485	-0.0355122	0.09531194	-0.057651937	0.11395195	0.01677931	0.07868354	-0.047084052	0.090457775	0.07241919	0.047453776	-0.06461872	0.105634	-0.068508685	0.07698388	0.0219034	0.046532366	-0.094458625	0.07688411	-0.11884803	0.11286947	-0.05100776	0.010978242	-0.010192924	0.01842702	-0.10643359	-0.06017823	0.02665996	0.055079937	-0.019524006	-0.004105678	-0.0111136455	0.0039867437	0.07970128	-0.032570906	0.042613085	-0.09275184	0.064345665	-0.004824488	0.093624845	-0.019596023	0.11340844	-0.12116841	0.057507444	0.020883894	0.0076846657	-0.10016602	-0.09088244	0.075242564	-0.05624529	0.035415906	0.013904382	0.06723419	-0.05326831
-0.025599709	-0.031767037	0.039036784	-0.098582156	0.09883666	-0.024429044	-0.06691585	-0.0086059645	-0.003091147	0.14603576	0.08162208	-0.14598553	-0.1429473	0.014378235	0.04909905	0.015997734	-0.050191097	-0.16672193	-0.016404869	-0.024583848	0.038974058	0.026127025	0.029515686	0.012762934	0.06780515	0.09245124	0.19956222	-0.16135074	0.13993232	-0.0015040882	0.0063027483	-0.037176754	0.09198653	-0.0629508	0.17643896	0.09808654	-0.118633896	0.08934094	0.066168964	0.09164037	-0.04833398	-0.15496436	-0.0582059	0.053590834	0.16793028	-0.06029766	0.030761424	0.05605068	0.08920881	-0.052234404	0.064588964	0.10064977	0.035332877	-0.0040004174	0.0017199342	-0.03259375	-0.12730446	-0.14407367	0.09838734	-0.0605494	-0.06920836	0.01814666	-0.00087263784	-0.066219956
-0.21002458	-0.32272416	0.20433183	0.116905734	0.050267987	-0.041587062	0.145177	-0.2561131	0.09939076	0.36914405	-0.19385289	-0.16425742	0.005354917	-0.21706729	0.39704823	-0.2237023	0.121098615	0.058651946	-0.00077354594	-0.1654762	-0.014189914	0.09222907	0.17170937	-0.06507586	0.17111062	-0.13366552	-0.036847595	-0.06876938	0.060898487	-0.033367723	0.43722245	-0.494325	-0.06048693	0.07243814	-0.2029216	-0.09283456	-0.32215932	0.25681278	-0.24805869	0.07556896	-0.08727524	-0.035671532	0.16933496	0.26610368	0.16984421	0.027584115	-0.23082174	0.17860419	-0.17088681	-0.06140917	-0.006879568	-0.13459805	0.11895159	0.5713244	-0.12574589	-0.014694133	0.013677898	-0.14404355	0.121310994	-0.23752263	0.33478817	-0.06650399	0.21683463	-0.26573196
0.21679404	0.10479803	-0.034062237	0.06730065	0.29915172	0.030045882	-0.47547746	0.4378049	0.3563089	-0.089522414	-0.3182326	0.033415396	-0.19767754	-0.15917662	-0.07108593	-0.035030995	0.0064095543	-0.13083076	-0.032187186	0.1087343	0.06380428	-0.54491204	0.17526333	-0.27045423	-0.13131173	0.18756273	-0.0013532006	-0.21462618	-0.026074376	-0.14242505	0.3876408	-0.084189154	0.35526624	0.2533304	0.13504747	-0.05313057	0.15798089	-0.20426872	0.13537116	-0.006650096	-0.16059548	-0.02729364	-0.047107894	0.12686522	0.16867739	0.5267532	-0.114065975	0.03722911	-0.26725003	-0.090019405	0.042914912	-0.12963147	-0.4429736	-0.058963023	0.11891086	-0.031770688	-0.2745878	-0.17816488	0.46232578	0.03407663	0.0783524	0.24617173	0.15629598	-0.07095036
-0.04458838	0.0036394866	-0.014318918	0.050636087	0.010495608	0.020714832	-0.08431349	-0.0058828765	0.025599653	0.021650687	0.13094048	-0.038268533	-0.080557406	0.008540604	-0.03770693	-0.05254323	0.021893902	-0.07613916	0.036414467	0.1367178	-0.041101795	-0.06969415	-0.045203544	0.007473025	0.007256826	0.12475782	-0.08592898	-0.029640336	0.019048054	0.03853407	0.06842595	0.003771149	0.102181315	-0.04067085	0.053179417	-0.07589855	-0.055990864	-0.036272213	0.121031016	-0.05456631	-0.10731629	-0.05971074	-0.091628216	0.03150535	0.09169349	0.10745056	-0.07711922	-0.014003135	-0.028579783	0.04025222	0.08783493	0.08114574	-0.04559922	0.0402249	0.030233039	-0.11143718	-0.13904606	-0.0027870075	0.13530266	-0.0103948945	0.07238031	-0.013279713	-0.07490049	0.06976325
-0.040425483	-0.09269086	0.014906456	-0.041021958	-0.03323545	-0.09649705	0.014217978	-0.047572162	0.05983607	-0.061147097	-0.062480535	-0.10472271	-0.07709916	0.1037337	-0.044906262	-0.036525585	-0.08803032	-0.05789561	0.22255963	-0.067127	0.11586245	-0.02703878	0.038554385	-0.03582943	0.11608266	0.048708837	0.20966475	-0.102890596	0.07583779	-0.049142085	-0.07594826	0.11457031	0.035704657	0.03714766	0.13182451	-0.1614582	-0.11708419	0.049734265	-0.025114622	0.104213156	-0.05549169	0.15422148	-0.03435988	0.0390386	-0.07235263	0.014892201	-0.13467552	-0.025859386	0.034076255	0.07730758	0.03923881	0.19068697	-0.13178395	0.071998954	0.26996958	-0.09885787	-0.005954542	-0.32822812	0.0780071	0.085749604	-0.15170717	0.22471765	0.0483893	-0.08550778
0.047817174	-0.062456265	0.017066423	0.014161504	-0.05364266	0.071929425	-0.01633176	-0.017277947	0.16952087	0.13078648	0.13348024	-0.043924116	-0.061353106	-0.0018809185	0.22759953	-0.09096973	0.10304848	-0.044546317	-0.05107365	0.06413283	-0.09970684	-0.057147756	0.035343878	0.05960853	0.0017203228	0.113958076	0.08870125	-0.19379608	0.14070179	0.03902651	0.07952565	-0.13735934	0.08807529	0.09703609	-0.015190907	-0.15396525	-0.08940518	0.01322267	0.11449039	-0.00889835	-0.07533165	-0.12617077	0.059095025	0.0792056	0.14844961	0.062333334	-0.042511407	0.16271448	0.0048018033	0.014645183	0.0226641	0.07049072	0.01894223	0.10276586	-0.082387514	-0.06734573	-0.053808678	-0.07588389	0.1665637	-0.0927379	0.07394514	-0.1610977	-0.016684549	-0.063729644
0.0058964565	-0.036948483	-0.056336902	-0.050523832	0.12187934	0.09510591	0.044172183	0.09142364	0.048586164	0.11183202	-0.08618156	-0.06877294	-0.041945685	-0.12554815	0.34173453	-0.12953989	0.093380876	-0.03689993	0.024788158	-0.05785772	-0.0094764605	0.0048771948	0.16508804	0.07252462	0.016669702	0.018215973	0.085519455	-0.05014988	0.3018083	0.05660638	0.29925305	-0.39927468	-0.18223955	0.0055277213	-0.16420831	-0.14724785	-0.10609324	0.081454955	0.095376015	0.11561344	0.075464055	-0.0819503	0.31110293	0.080630675	-0.029236715	0.23505972	-0.039621573	0.28385368	-0.07224108	-0.1956471	0.29781774	0.0880091	-0.008628018	0.17394698	-0.07664404	0.1464184	0.14072216	-0.12076618	-0.027963199	0.05263544	-0.009778914	-0.14717819	0.21733545	-0.37297124
-0.18216631	-0.15328209	0.08839007	0.11196679	-0.1085265	-0.038273036	-0.0024345664	-0.076379344	-0.035296854	0.2338528	0.018387072	-0.20656814	-0.12576191	-0.032232095	0.24316742	-0.20191894	0.16597676	-0.12476713	0.057089087	-0.18655427	0.00937053	0.1548181	0.05483393	0.012903449	0.08526352	0.002875756	0.14838918	-0.085207015	0.18905841	-0.0165162	0.1644173	-0.21320021	-0.02729233	-0.0308751	0.019440757	-0.11657133	-0.17139114	0.24636953	-0.030354125	0.09052834	-0.050349593	-0.076678514	0.12356308	0.04651493	0.17741045	-0.026813582	-0.106002204	0.11572191	-0.0047521386	-0.21099915	0.08331149	0.25470546	0.053221777	0.29111406	0.038459294	0.09999035	-0.060413137	-0.1852432	0.12625755	-0.06352651	0.117604084	-0.07346465	0.16151598	-0.16160765
-0.0056812093	-0.048401345	-0.0016906209	-0.008304904	0.030449975	-0.04475659	0.0045312326	0.018750334	0.06909295	0.030919833	-0.018698502	-0.10003315	0.012620038	-0.1150795	0.1587158	-0.046832234	0.061261296	-0.0077422634	-0.022297656	-0.02900474	0.05502241	-0.05199876	0.11351796	-0.08319084	0.040147107	-0.024959268	0.09580677	-0.06694605	0.025630966	-0.02764986	0.07973484	-0.09994672	0.0057697883	0.04038554	-0.052233826	-0.004376357	-0.0049242154	0.12044365	0.0011157873	0.029733935	0.018850429	0.06328382	0.05199296	0.076973006	0.05474306	0.10475239	-0.105514355	-0.03303505	-0.008622909	-0.15358165	-0.02789359	-0.082534984	-0.11282234	0.14128222	-0.07295814	0.010369715	-0.0124509595	-0.14935885	0.086852945	-0.006700441	0.030590056	-0.011774008	0.052568052	-0.11914934
-0.13504763	-0.20603584	0.19788066	0.09714643	0.16728997	0.007633114	-0.014064006	-0.10158587	-0.0655064	0.20648184	-0.061263554	-0.17396434	0.056152113	-0.064005114	-0.0005930526	0.037054516	0.19450754	0.015462752	0.06374062	-0.07107351	0.09881463	0.16543828	-0.097406186	-0.14710812	0.15501662	-0.019600313	-0.09563213	-0.03321332	0.029012742	-0.0019604892	-0.004440119	-0.07218584	-0.009916394	-0.016166996	0.108607955	-0.00040866033	-0.14475973	0.06292601	0.11128846	0.021568293	-0.05462178	-0.020102387	0.058926433	0.13317168	0.104332924	-0.061885227	-0.03838021	0.0021337152	0.06080578	-0.04624962	-0.07397687	-0.17871109	0.08835279	0.102533005	-0.042949013	0.08502006	-0.09297175	0.11961771	-0.015873287	-0.21496195	0.29557234	0.09073049	0.08587459	0.009148527
-0.17750743	-0.12576133	0.096891806	0.018801842	-0.080542214	-0.13261315	0.03912929	-0.07540278	0.007631482	0.08629278	0.020630376	-0.1906644	-0.025013499	-0.036202326	0.24447034	-0.06986941	0.16065231	-0.06358465	0.07998681	-0.08360679	0.072926275	0.057472844	0.06687545	0.0012786984	0.13824941	-0.010625341	0.057058863	-0.062011793	0.15551466	-0.056191698	0.03476523	-0.11968431	0.09618821	0.022103544	0.08502921	-0.0710464	-0.13946302	0.1811054	0.020248907	0.098509036	0.00940428	0.026214352	0.0547188	0.026779601	0.02244792	-0.022883672	-0.10503507	0.003543575	0.0027901097	-0.19597924	0.014392442	0.11902605	-0.10548005	0.1082512	0.09165595	0.116654344	-0.10013682	-0.3354807	-0.05990444	-0.050171703	0.054892547	0.115870185	0.14152086	-0.0993715
-0.02197352	0.05407285	-0.01878233	0.017899483	0.0040930305	-0.075326	-0.055631477	0.17203623	-0.025921203	-0.092384785	-0.10603107	-0.10818925	0.0409239	-0.040986538	-0.0036203773	0.12781964	0.044378757	0.031670313	-0.019206416	-0.05511786	0.12237263	-0.18803531	-0.04940417	-0.09595745	-0.019411948	0.016366627	0.06675357	0.07544958	0.019283285	-0.1611752	-0.007023602	0.14705485	0.033599924	-0.008282291	0.04467725	0.058121495	0.012025277	0.0614224	0.09684724	0.015952373	0.0032493179	0.092560396	-0.033235807	-0.012426975	-0.07246349	0.047521196	0.042985924	0.00086023466	0.13244122	-0.052420475	-0.044642404	0.10563192	-0.12677561	-0.03161657	0.07242453	0.22750612	-0.027477933	-0.051842295	-0.10286486	0.014560325	-0.021390527	0.09241318	0.021667218	0.03359776
-0.06233	-0.028963316	-0.027643804	0.0036561901	-0.01789291	-0.012099689	0.07311634	0.0066297976	-0.061459057	-0.104634754	-0.025361234	0.024995696	0.009804219	0.12070825	-0.15251318	0.07821248	-0.1686691	-0.042260833	0.009067019	-0.020750329	0.027488763	-0.17684202	0.039369136	0.00074498175	-0.08512673	-0.007962289	-0.018738419	0.030712958	-0.06663986	0.051773638	0.11266607	0.008760346	0.046524048	0.038788058	-0.0049904888	0.000648218	0.02362251	-0.0048827757	-0.05091661	-0.014077975	0.021051344	0.098184705	-0.02045325	-0.010090923	-0.020105936	0.07615209	-0.0055348487	-0.117916055	0.011774564	0.110087074	-0.002593913	-0.06023619	-0.06130484	0.058560953	0.12117318	-0.058807388	0.06644951	-0.059254684	0.015800621	0.048664033	-0.04055518	0.049382396	-0.06797415	-0.04366231
-0.056930885	0.042988922	0.048411984	-0.03502294	0.11957757	-0.13074853	-0.0869149	0.11437092	0.05536569	-0.03858094	-0.111563876	-0.060650334	0.0046732402	-0.0028831207	0.069273904	0.09596761	0.048509553	-0.03779825	0.03750346	-0.05651458	0.17735842	-0.16584975	0.14288017	-0.08119712	-0.008766065	0.036018327	0.0026824633	-0.0050574807	-0.03240964	-0.13598283	0.10574836	0.021191124	0.14728987	0.09771572	0.021974027	0.0044566607	0.0047164424	0.058624618	0.042599257	0.07770592	-0.019572554	0.054713126	-0.07405888	-0.029344862	-0.06438207	0.14517589	-0.06441743	0.027909908	-0.0029721889	-0.08876377	0.021604849	0.14887568	-0.14446767	0.038882185	0.07787711	0.18724187	-0.039835427	-0.18180308	0.026440825	0.032032814	0.056421295	0.12821268	0.15513948	0.003132482
0.13377559	-0.003618444	0.107349485	-0.08294914	0.033725113	-0.17479269	-0.16979508	0.05943689	0.08184153	0.09090414	0.0011554669	-0.091494076	-0.1601448	-0.008675357	-0.07446498	-0.03752886	0.015406904	-0.2718246	0.028468179	0.003831557	0.12489472	-0.028873691	0.09727887	-0.049943812	0.0035556634	0.1335738	0.06746154	-0.19835277	0.12766747	-0.118452884	-0.09300479	-0.055476923	0.22905535	0.16217189	0.23350649	-0.0614152	-0.013574456	0.09397116	0.21323237	0.030423064	0.033200476	-0.055605464	-0.012705592	0.16986057	0.113965295	0.037255786	-0.05693122	0.04385686	-0.02390107	-0.030818867	0.14143375	0.0907039	-0.10515866	-0.07761386	0.074781656	0.054475706	-0.29851317	-0.29660082	0.086277656	-0.14536864	-0.09152007	0.23798594	-0.008065389	0.060986478
-0.19882964	-0.1311676	0.19213408	0.061494857	-0.0450115	-0.13276012	0.23104422	-0.30100378	-0.21834847	0.13311653	-0.100160524	-0.26061216	-0.06282008	0.27438205	-0.073319905	-0.013549022	0.067370705	-0.15090491	0.17576416	-0.1580098	0.22555746	0.35132164	-0.11669056	0.04867663	0.23831354	-0.13093737	-0.024734257	-0.016434798	0.21193859	-0.04205398	-0.12004427	-0.06539165	0.009219839	-0.056275364	0.23773977	-0.049601052	-0.24176429	0.17854004	-0.029410267	0.09948554	-0.02817234	0.140635	0.00047744322	0.008602548	0.034281276	-0.42439085	-0.17678256	-0.100031614	0.17671013	-0.1615669	-0.0031612543	0.014224301	0.22017142	0.086317636	0.006316211	0.019461006	-0.068262845	-0.08834731	-0.17510836	-0.13255247	-0.050253145	0.24516852	-0.028437346	-0.06240791
-0.116117716	-0.19992487	0.094986826	0.12717575	-0.026286608	-0.05434746	0.12050286	-0.1251698	-0.014989131	0.16829963	-0.07236699	-0.15624873	0.07493136	-0.051196482	0.14555223	-0.04192198	0.048735056	0.03326542	0.041488077	-0.089981176	0.005803851	0.0035488957	0.09190243	0.015519026	0.10930379	-0.06672652	-0.039021198	-0.03013233	0.03236336	-0.0726033	0.11940329	-0.1340399	-0.07460834	-0.049402434	-0.09795757	0.009080983	-0.13215767	0.115804344	0.0024626302	-0.0062227394	0.015887113	0.042466376	0.0339575	0.06918357	0.008937193	-0.10468757	-0.11497275	0.038672086	0.020310098	-0.14072023	0.026655449	-0.019375771	0.10544652	0.29618835	-0.11604888	0.1547094	0.09136804	-0.086652994	0.008871908	-0.072073996	0.15422669	0.016998338	0.097784966	-0.1314119
0.14119212	0.10120941	-0.05327899	-0.22510104	-0.23967177	0.1982238	-0.02083763	0.045300927	-0.050602622	-0.15871994	0.16028857	0.18358043	0.16173886	0.19439492	0.03283399	0.47147533	-0.12146906	0.12238848	-0.451004	0.2973684	-0.115307555	-0.0024775118	-0.14199439	0.113686495	-0.10768175	-0.01756143	-0.17318092	0.28386298	-0.3942871	-0.031933412	-0.004645637	0.16062742	-0.068577416	-0.011263284	-0.17470856	0.39904958	0.101022355	-0.05800459	-0.0325681	-0.17470363	0.2604777	-0.10393055	-0.3276298	-0.12163769	-0.089492716	-0.0653133	0.4592885	-0.37602645	0.18723144	0.014679893	-0.37419236	-0.11271198	-0.045406748	-0.045492318	-0.0909654	0.084993556	0.20259577	0.046094716	-0.1630508	0.05680542	-0.07732402	-0.12793925	-0.18263966	0.26576447
-0.06096408	-0.15091132	0.09678121	-0.10065478	0.04367518	0.013363095	-0.02690887	0.049656652	0.12972602	0.19586873	-0.0969594	0.057854537	-0.17665403	0.045663405	0.24111368	-0.18331586	-0.14656673	-0.07184805	-0.0029226607	-0.14676693	0.07775209	-0.08487954	0.17446084	0.0974404	-0.054890905	0.08682588	0.2959627	-0.17014317	0.092892274	0.06977564	0.17630343	-0.28190812	-0.033296674	0.15614818	-0.016177466	-0.14445262	-0.1299971	0.18416382	-0.15975805	0.068744965	0.022029562	-0.09086028	0.17351305	0.18625428	0.12422963	0.12217702	-0.07519374	0.25232303	-0.25277063	0.07419204	0.13479644	0.12171788	-0.059531447	0.16979855	0.106662214	-0.23935068	-0.0013152314	-0.20565616	0.23333238	-0.0041271574	-0.06688335	-0.041993637	0.16313131	-0.23281759
0.039260756	0.070828006	-0.0147162285	-0.01565841	0.22388862	-0.019853981	-0.39679298	0.31752992	0.17997669	-0.06550987	-0.09032462	-0.083036214	-0.14843637	-0.13359082	0.0057786857	-0.04669578	-0.01351577	-0.29535985	-0.033385675	0.10881951	0.02015262	-0.28477457	0.04253969	-0.19226556	-0.04609949	0.32268578	-0.010598504	-0.3070143	0.046311174	-0.028696673	0.31215742	-0.08629727	0.28681514	0.12347376	0.17914	-0.060364854	0.10358278	-0.09721171	0.11932088	-0.004127323	-0.13551496	-0.09079509	-0.012054555	0.10380569	0.16756587	0.24995542	-0.04865603	0.047223706	-0.20745228	-0.21126205	0.031787787	0.0173729	-0.25758564	-0.06063809	0.029437644	-0.0878074	-0.38102347	-0.19687124	0.3611111	0.0073462017	-0.07939675	0.17033964	0.13791086	-0.03583334
0.27703613	0.29032737	-0.11707168	-0.0047280993	0.15504704	0.23854817	-0.34935138	0.2713835	0.16633777	-0.11749908	-0.09778137	0.29734772	-0.030771296	-0.1806124	-0.31201443	0.25962198	-0.059756584	0.02798538	-0.19661675	0.2528667	-0.17301606	-0.3923981	0.0364517	-0.07388094	-0.2291011	0.09454787	-0.13815124	-0.047720674	-0.3391239	0.112203784	0.015482296	0.08824861	0.06487264	0.1806754	-0.13767567	0.055299707	0.34099534	-0.49049884	0.18615718	-0.14240105	-0.16180119	-0.04113869	-0.28029093	-0.05147248	0.09068993	0.3372663	0.038325634	0.0037707703	-0.098485574	0.0011098491	0.013055169	-0.17416811	-0.0842908	-0.27946678	-0.13396662	-0.030659841	-0.20319784	0.2415611	0.2212951	0.06106533	-0.027610054	-0.012974387	-0.19702235	0.27609006
-0.024236072	-0.07581872	0.121641845	0.29189932	0.36484998	-0.28223252	-0.37595034	0.25147977	0.24985988	-0.0007413842	-0.2697858	-0.030474618	-0.034342706	-0.26605678	0.09083321	-0.14091848	0.18729953	-0.092264116	0.10705333	-0.05183108	0.42163873	-0.16425413	0.24662702	-0.35217315	0.07635	0.13630693	-0.020889087	-0.055277456	0.02163229	-0.40330952	0.1363636	-0.08449851	0.35859722	0.42848307	0.04249811	-0.119760364	-0.07475107	-0.08529322	0.30638674	0.2140194	-0.19890085	0.39102048	0.039805472	0.1206698	0.11724598	0.064639986	-0.35899144	0.16647263	-0.42883632	-0.036853302	0.23060606	0.09615092	-0.18912576	0.034692995	0.3057917	0.16906057	-0.29443505	-0.15329878	0.21798973	-0.08292501	0.14646089	0.35483736	0.1309156	0.060825396
0.16824397	0.18115507	-0.19501798	-0.035660494	0.27787703	0.031727336	-0.5070055	0.38136557	0.31394395	-0.09348015	-0.14163041	-0.03783844	-0.21191585	-0.15108792	-0.036834963	0.086900376	0.037329447	-0.231622	-0.14801139	0.11383584	0.036060926	-0.5053017	0.093907036	-0.11982015	-0.18764168	0.30944982	0.022023471	-0.27159035	-0.053411726	0.024717284	0.25713733	-0.048210762	0.27767405	0.09011818	0.17694946	0.009726047	0.22469155	-0.23405959	0.15761104	-0.0015146255	-0.09256614	-0.036781784	-0.04987259	0.10182221	0.20959812	0.3465096	0.0038931214	0.056821566	-0.235373	-0.2980201	0.030432511	-0.018391924	-0.3113665	-0.14938146	0.10728301	-0.06883402	-0.36007312	-0.25090185	0.36553124	0.10510948	-0.055359997	0.16363962	0.06061788	0.027191032
0.15876494	0.26149955	-0.08566594	0.09800484	0.34263957	-0.03056851	-0.5095998	0.39813128	0.30215064	-0.22224206	-0.26723015	0.17847915	-0.24488966	-0.2509714	-0.1949716	-0.011727161	-0.06047214	-0.2043102	0.045993023	0.09826272	0.06999953	-0.5915893	0.17837124	-0.1915253	-0.19339868	0.27992478	0.017288728	-0.15138707	-0.20380656	-0.1548738	0.22704235	0.07957347	0.36972117	0.25464338	0.23897181	-0.1546432	0.18930909	-0.28648424	0.20242378	0.062147822	-0.20994745	0.16757429	0.019164134	0.16054209	0.14454752	0.473103	-0.06504512	0.05268287	-0.30890784	-0.11351485	0.19770174	-0.045385603	-0.3237982	-0.17438073	0.19445315	-0.16963747	-0.31919202	-0.03137116	0.45540938	0.03158503	0.018435411	0.22771086	0.060155556	0.066260986
-0.06905949	0.032974683	-0.033056434	-0.07457785	-0.0128257815	0.024403939	-0.06962886	0.114614286	-0.004439049	0.061892126	0.14241052	-0.13585208	-0.07327065	0.023884969	0.03116622	-0.07093778	0.010342815	-0.13412811	-0.083962075	-0.0007241533	-0.09797107	-0.0787715	-0.105621904	0.07941061	0.039105836	0.1367109	-0.056205474	-0.0455582	0.012358182	0.11112201	0.09481886	-0.10584078	0.16148521	-0.11725921	0.14971195	0.02294072	0.06359371	0.034337264	0.13069731	-0.0022393079	-0.07632238	-0.109955415	-0.028057197	-0.010734919	0.24359716	0.012132317	-0.0018428854	0.04614784	0.0023391712	-0.055132367	0.059652735	0.11949046	0.028274234	-0.027357468	-0.0006132858	-0.036094446	-0.22963922	-0.07578802	0.14389928	0.006667205	-0.011602048	-0.04349782	-0.05289348	-0.0079058595
-0.096577674	-0.06356764	0.05765997	0.034185402	0.01841415	0.05673574	-0.012995566	-0.041746553	0.042262547	0.116742164	0.1103516	-0.10838389	-0.040925227	-0.032641582	0.04834264	-0.04470442	0.06760262	-0.093219824	0.015230183	0.026144031	-0.06543456	0.037852976	-0.10002941	-0.02636251	0.048545998	0.093394384	0.020915402	-0.08628156	0.04767212	0.11893502	0.043949082	-0.14083585	0.15046658	-0.10270822	0.11253653	-0.080762684	-0.08667376	0.05191876	0.0066162525	-0.0072900136	-0.1685812	-0.16334476	0.093403645	0.06602752	0.24536026	-0.072943844	-0.08651681	0.100044936	-0.105431065	0.051308647	-0.007339985	0.041235324	0.08734385	0.044943277	-0.021409582	-0.11024024	-0.20460367	0.070776254	0.18240133	-0.08661798	0.15748191	-0.11280756	-0.00681675	0.0125278765
-0.14709887	-0.12395037	0.09029483	0.08177309	-0.04533968	-0.10984495	0.18335363	-0.07599073	-0.0038512424	0.13441536	-0.058552254	-0.13993178	0.0077893557	-0.119321026	0.16098268	-0.051060855	0.096192695	0.06992906	0.11558605	-0.20460886	0.12902248	0.009303353	0.03044461	-0.01731327	0.101957485	-0.1115458	0.04412916	0.046824623	0.031476326	-0.11161171	0.09233616	-0.1872288	-0.06329052	-0.055166055	-0.090770975	-0.007200543	-0.14657864	0.15524338	-0.053405732	0.08727831	0.008702055	0.14958921	0.08722826	0.090164825	-0.0074658105	-0.010184645	-0.12643403	0.022089206	-0.040980544	-0.1159561	0.025201881	0.06116312	-0.017071093	0.2460669	0.04496631	0.12390701	0.051905062	-0.102931306	-0.0041599185	-0.0036106713	0.10272206	0.08253499	0.119066685	-0.15940244
-0.14139032	0.15116133	-0.0342093	0.113361694	0.06311806	-0.058334116	-0.082758635	0.15234369	0.10554163	-0.021368247	0.038558953	0.10070927	-0.19813572	-0.07822062	-0.11144877	-0.058793157	0.057355255	-0.044546884	0.18021195	-0.08802764	0.017926665	-0.17661442	0.0135439895	-0.0014259829	0.07034299	0.16651818	0.1759864	-0.024496712	0.024008697	-0.039683387	-0.21061073	0.20216669	0.06867846	0.097904876	0.15238743	-0.096011765	0.14030425	-0.056831285	0.16402261	0.2134158	-0.15048645	0.22974764	0.08129379	-0.12505633	0.057051886	0.114391916	0.029168552	0.093264185	-0.019869355	-0.097264156	0.07383586	0.14537379	-0.07052496	-0.18447417	0.19922394	0.14686166	-0.043562107	0.12320019	0.020921241	0.0024046241	0.011534515	0.047988262	-0.10370425	0.028038248
-0.10722895	-0.3603763	0.3291088	0.15924025	-0.031672645	-0.18210027	0.15300299	-0.36541617	0.037821848	0.30172685	-0.16380088	-0.10223939	0.043429445	-0.14025168	0.09330658	-0.13145289	0.03712971	0.016632581	0.1584878	-0.028870555	0.12763429	0.26898658	0.026852801	-0.09725855	0.26042274	-0.15226255	0.06699376	-0.028404867	-0.009663756	-0.13757151	0.0811269	-0.16152358	0.04826156	0.04438593	0.02262947	-0.08421864	-0.19501518	0.21775904	-0.12880152	0.07829426	0.04986852	0.13770585	0.008976674	0.48068058	-0.10022638	-0.13934326	-0.20014028	-0.016382392	-0.026692232	0.058367133	0.035151243	-0.09639369	0.058184613	0.31004947	0.094832726	-0.059451576	0.049033135	-0.096560955	0.045295205	-0.31475812	0.34749234	0.16983412	0.1260894	-0.06578855
-0.0017776733	-0.2862429	0.30661237	-0.005471044	0.04467782	-0.073695116	0.12804212	-0.2745096	-0.0031182577	0.21539295	-0.095462225	0.0017832969	0.09099764	-0.096358486	0.06779139	-0.054322805	0.05683255	0.118759446	0.08966194	0.020040398	0.046719264	0.20304404	0.030173397	-0.09899379	0.18609045	-0.13894978	0.0666336	-0.08235982	-0.09461593	-0.09517361	0.016820647	-0.14977944	0.061205667	0.12744308	-0.018248282	-0.08345619	-0.18898633	0.104686216	-0.10963853	-0.029826576	-0.013924181	0.11775947	0.015455466	0.44871002	-0.059468374	-0.111830264	-0.16221462	-0.05196662	-0.0909121	0.07020652	-0.10950364	-0.091619216	-0.06021789	0.24606076	-0.012107646	-0.050331835	0.0014738054	-0.16001686	-0.027009353	-0.29618812	0.16477276	0.24598338	0.07816513	0.0045041014
0.010361383	0.09783375	-0.09209278	0.00074602175	0.08611319	0.0091187665	-0.13042651	0.23954661	0.11123348	0.016351776	0.0012407182	0.03077388	-0.1727392	0.082262985	-0.014607513	-0.040895388	-0.009047588	-0.12867989	0.020646	-0.03959088	0.036589157	-0.19931048	0.0936311	0.0051079243	-0.09592751	0.3147005	0.177962	-0.21238837	0.045056716	0.026878748	-0.072562695	0.12494553	0.09063193	0.10321109	0.16307156	-0.101419546	0.102055535	-0.029410945	0.16999562	0.14387482	-0.04834223	0.11248861	0.057270348	-0.03197267	0.09717364	0.14049658	0.016761823	0.083337985	2.7805101e-05	-0.030892031	0.10810801	0.14745824	-0.09961709	-0.26418412	0.10481959	0.044667117	-0.08144215	-0.08163673	0.05512227	-0.006966479	-0.20510313	0.015665403	-0.10513088	-0.0081806285
-0.15589459	-0.2848516	0.35060695	0.40081257	0.51002586	-0.29131	0.043088518	-0.21920002	0.34748656	0.50476813	-0.36264604	-0.079886466	-0.4346655	0.06432449	-0.508945	-0.051860187	-0.24206533	-0.3385781	0.35170817	-0.40785807	0.46817085	0.55136204	0.3077765	-0.35531902	0.16399658	0.14786863	0.41090944	-0.20983826	0.29115367	-0.32034528	-0.27231088	0.009238065	0.20821255	0.39273366	0.5605486	-0.26205397	-0.2312266	0.16017343	0.052009463	0.28953743	-0.19924383	0.37928063	0.21488257	0.3620283	0.15053481	-0.30793962	-0.2696561	0.20392899	0.05661314	0.4827031	0.34075147	-0.34151453	0.15392764	-0.2805101	0.43455246	-0.22177318	-0.03978762	-0.09988556	0.18942519	-0.6031279	-0.28815544	0.45019165	0.016610723	-0.2667667
0.04433038	0.13408959	0.014303465	0.23893562	0.3846509	0.009308926	-0.3426701	0.21682869	0.17956182	-0.044154435	-0.16220155	0.0066559343	-0.1443145	-0.23620112	-0.27897468	0.0612586	0.14070556	-0.2826189	0.1183529	0.14665101	-0.0016382192	-0.08406938	-0.08833236	-0.28611165	0.14369589	0.22554629	0.05948797	-0.0747439	-0.001781493	-0.3067538	-0.30694947	0.3242375	0.29251254	0.23627776	0.46037075	-0.16293713	0.12445424	-0.27922744	0.4828865	0.07021844	-0.31449136	0.27779204	0.031822007	0.07012992	0.20568724	0.059484113	0.0339805	0.16627623	-0.17583142	-0.059348628	0.07021255	-0.09051004	-0.116779074	-0.40654093	0.23581335	0.069959536	-0.32252166	0.18526359	0.22820213	-0.22776137	0.094745226	0.20671993	-0.18382749	0.31877863
0.030354733	0.09423427	-0.06258111	0.07217214	0.14119187	0.077119224	-0.1585256	0.15600167	0.24668409	0.03392074	-0.07404435	0.103981785	-0.2441096	-0.0558285	-0.14703603	-0.08392402	-0.10756401	-0.22066686	0.033036675	0.09281036	0.10384171	-0.10444455	0.051173482	-0.08623276	-0.031589255	0.3220735	0.40107062	-0.28042054	-0.007248743	-0.004536726	-0.05851332	0.19964531	0.07177016	0.11689437	0.14936392	-0.022816025	0.13818203	-0.1725218	0.12689447	0.1935745	-0.16311806	0.10052765	0.20306781	0.034380328	0.09680484	0.040500317	0.013751816	0.12375021	-0.05290292	0.14660522	0.17281115	0.075001776	-0.00836528	-0.3140661	0.122821175	-0.106695406	-0.15835048	0.0065694447	0.22973727	-0.029680463	-0.0076801884	-0.0069264853	-0.16615298	0.028777068
-0.31400317	-0.19486251	0.1638137	0.22871244	0.21375373	0.07515632	0.0047875014	-0.11706976	0.13620211	0.3731859	-0.09375452	-0.2811194	-0.05365397	-0.05036013	0.12862112	-0.09799828	0.313274	-0.15336882	-0.05684914	-0.13834196	0.05569916	0.21457152	-0.06551096	-0.12708929	0.12995476	-0.007323273	-0.23243411	-0.04920483	0.22949235	0.013753043	0.16241424	-0.39534703	0.18154527	-0.19311894	0.10619035	-0.04758793	-0.15837272	0.02231337	-0.07263971	0.1506688	-0.22806619	-0.17716378	0.19921634	0.019516643	0.32511145	-0.083418965	-0.17049281	0.033107363	-0.15520553	-0.1555271	0.07547813	-0.092649125	0.16889243	0.36456248	-0.29067367	-0.032061767	-0.25432515	0.28940037	0.19578077	-0.17522098	0.34315512	-0.07815818	0.2187226	-0.14608152
0.116455	0.07997954	-0.06919973	0.0020439054	0.23605157	-0.051464956	-0.34550467	0.24817005	0.19342671	-0.050196316	-0.15571132	0.085198626	-0.17067364	-0.052025013	-0.037204694	-0.029366726	-0.058515593	-0.20491987	-0.045042563	0.044948135	0.08753543	-0.3338918	0.17466792	-0.18474764	-0.13126649	0.23106763	0.06269856	-0.23705697	-0.07307231	-0.08204491	0.16307873	-0.022230195	0.17749868	0.10955566	0.09597915	-0.066502795	0.1571343	-0.19275588	0.101923585	0.08075994	-0.14997408	0.038860284	-0.016791238	0.08083139	0.077859364	0.27889886	-0.04508302	-0.009300866	-0.21522845	-0.07950642	0.022795858	-0.013254017	-0.2744192	-0.09993672	0.10320815	-0.059147235	-0.27341104	-0.10127046	0.28420943	0.023570333	-0.06759716	0.14971603	0.0934304	-0.04092989
0.062058926	0.14689942	-0.12138163	-0.10872127	0.09322235	0.013464152	-0.10660396	0.11616716	0.27433458	0.023863085	-0.22523277	0.20448822	-0.10499368	-0.1378778	0.09545873	-0.06513248	-0.15728568	0.075361155	-0.033451315	-0.26039615	0.11867748	-0.19234551	0.25658733	-0.07062791	-0.098084055	0.17307502	0.077119805	-0.14388682	0.016305126	0.013651938	0.16539809	-0.04901254	-0.017121976	0.16483095	-0.07992628	-0.14058302	0.17263699	-0.13015428	-0.07770525	0.16719486	0.08501107	0.11530868	0.19301577	-0.12991689	-0.041492943	0.25192717	-0.028470563	-0.02040872	-0.27272972	-0.11660201	0.046111066	0.06314804	-0.14136955	0.041635755	0.055589713	-0.06439727	0.033509217	-0.1852441	0.21700752	0.12200228	-0.20929894	0.052515365	0.10523129	-0.13896005
-0.13327987	-0.10003064	0.121662915	0.00039224725	0.008411533	-0.07889317	0.11890178	-0.093093336	0.063060135	0.12297073	-0.056724064	-0.03578982	0.017295912	-0.017446682	0.20033786	-0.15770577	0.043554798	0.04902272	0.021581916	-0.15155295	-0.041965026	0.03971374	0.07194165	0.01807921	0.024422767	-0.07695683	0.049791116	0.0018503283	-0.007832496	0.038543865	0.1722064	-0.2207488	-0.032102723	0.05469938	-0.13041393	-0.048385568	-0.13566245	0.15084237	-0.24487847	0.005146341	0.042786833	-0.070067614	0.16584475	0.13204245	0.048491467	0.070201196	-0.13906036	0.10946737	-0.15493637	0.08135406	0.07302867	-0.026518015	0.041695286	0.21303304	0.00033080854	-0.067157246	0.07058843	-0.0015012304	0.10938132	0.015844999	0.14644064	-0.060191855	0.12748128	-0.17233135
0.16520505	0.14149606	-0.07957008	0.040614218	0.2573809	-0.04524928	-0.4059471	0.35336897	0.27503997	-0.16569738	-0.23078328	0.09711699	-0.19152005	-0.12416131	-0.1647993	0.029099971	-0.06539429	-0.12555335	-0.06069832	0.08402116	0.116933435	-0.4212748	0.16630353	-0.21176556	-0.13627742	0.21932678	0.012842056	-0.21624741	-0.08361531	-0.046561923	0.23343824	-0.024819475	0.2989756	0.22001646	0.15616979	-0.054736055	0.14414509	-0.20687239	0.22174335	0.037592918	-0.11811367	0.08767934	-0.041507702	0.15623342	0.1415347	0.40237084	-0.059340395	0.015614266	-0.30689716	-0.092127025	0.16462177	-0.0027711755	-0.31346947	-0.1797787	0.14489295	-0.051827457	-0.28513646	-0.12783155	0.33864176	0.0044659604	-0.012122716	0.22454447	0.07113045	-0.01931189
-0.056257363	0.1774759	0.048899397	0.23416579	0.346385	0.033158865	-0.22032604	0.27007324	0.17642683	-0.030790284	-0.16759287	0.037575644	-0.23255454	-0.2636448	-0.3298544	0.00088452885	0.11990461	-0.23493654	0.10962504	0.03866867	0.056803107	-0.019319981	-0.13428248	-0.24776289	0.078662075	0.23150107	0.14323388	-0.10263144	0.06175329	-0.2615752	-0.29557353	0.29128876	0.16703705	0.15018433	0.3154849	-0.08108921	0.10203253	-0.19392395	0.33572245	0.09569561	-0.24891517	0.232257	0.084142566	-0.033656843	0.23977932	0.09812672	-0.0047869384	0.17418194	-0.06328626	-0.010890325	0.069076024	0.0032599072	-0.0010586298	-0.27886215	0.18466596	-0.054481477	-0.2607413	0.28808856	0.09765478	-0.19269404	0.06053761	0.06875397	-0.14536123	0.179798
0.075146824	0.16012199	-0.045086443	0.020922532	0.103357844	-0.047490314	-0.19339074	0.19917187	0.10810479	-0.11652648	-0.0969724	0.07821347	-0.13229096	-0.11025226	-0.0645835	-0.07223858	-0.015830597	-0.07512198	0.04137765	-0.032905765	0.055393	-0.27036777	0.04863259	-0.11022882	-0.090842925	0.12550527	0.08718035	-0.061624087	-0.0042537767	-0.03081216	0.061475486	0.09426726	0.15593939	0.11590276	0.09988152	-0.10617035	0.123621814	-0.08452234	0.108441256	0.07233768	-0.06278777	0.11532028	0.024472017	0.030992499	0.011271947	0.18657957	-2.7663553e-05	-0.015477371	-0.12948349	-0.06355723	0.105307385	0.048147596	-0.21769404	-0.12801324	0.16869637	-0.009865954	-0.14350371	-0.042090733	0.16867931	0.0066528064	-0.056518417	0.07969961	0.008954856	0.014279413
0.022107108	0.0644985	0.10432293	0.16105238	0.26736242	-0.15145159	-0.24351306	0.22382793	0.23045129	-0.069996655	-0.27298027	0.05786546	-0.2589946	-0.18705274	-0.17146385	-0.0761881	0.023220846	-0.22878286	0.19458719	-0.040304955	0.241442	-0.17377539	0.14307159	-0.17942764	0.045281295	0.2082051	0.12640429	-0.13229188	0.032599665	-0.20390211	0.014995891	0.13128883	0.2113062	0.26176614	0.1921745	-0.19030426	0.033174783	-0.07964297	0.2229346	0.13920946	-0.19052422	0.2212734	0.13246071	0.048575427	0.09251887	0.2570723	-0.0481324	0.07953632	-0.20239379	-0.00958405	0.21774219	0.10270679	-0.23841971	-0.18564396	0.26996416	-0.027836079	-0.26973858	-0.016564766	0.22779125	-0.06045375	0.043393306	0.1953551	0.09497817	0.024248539
-0.016304985	0.058598287	-0.023754906	0.15810697	0.37856698	-0.2672933	-0.42543802	0.19630958	0.390501	-0.06320131	-0.30285922	-0.09220084	-0.13846706	-0.1532653	-0.31452692	-0.063401505	0.025971252	-0.16527872	0.14931962	0.0014995687	0.28288254	-0.13866428	0.28779733	-0.19836093	-0.028491512	0.26335254	0.009037279	-0.27116525	0.08093635	-0.2859803	0.08201506	0.20207766	0.40897417	0.3136678	0.21490037	-0.20767006	0.0553	-0.13497806	0.388334	0.062989414	-0.1236394	0.34070638	0.031801645	-0.07354983	0.08930738	0.15429012	-0.13576865	-0.019084668	-0.37168935	-0.2620673	0.066651724	0.053928677	-0.26018855	-0.1729336	0.32260156	0.21295336	-0.35992625	-0.23304953	0.2321955	-0.03469678	0.089847855	0.3221136	0.111124754	0.046215832
0.12609223	0.16924168	-0.14407782	-0.061600886	0.21783811	0.06744552	-0.14652105	0.18966708	0.2530387	-0.11261095	-0.08543995	0.092933424	-0.054863926	-0.051902037	-0.23469071	0.114763424	-0.1751575	-0.030259352	-0.008242384	0.052078653	0.16016027	-0.21703854	0.10932835	-0.06087232	-0.19371437	0.15909143	0.115706615	-0.008563896	-0.08296816	-0.2278291	-0.00011528947	0.12934716	0.11740025	0.23767781	0.15750802	0.062795036	0.20143619	-0.10842705	0.15634687	0.12071469	0.092725135	0.26762682	0.01316368	-0.167028	-0.14439723	0.30066893	0.010980343	-0.16568652	-0.002020054	-0.06858506	0.005675359	-0.0732732	-0.16331334	-0.1260614	0.28109354	0.14808676	-0.047353875	-0.055123385	0.07368709	0.22050433	-0.18719755	0.07503623	-0.0908657	0.008456355
-0.061277296	0.14575502	-0.017810598	0.14626491	0.30718675	-0.09864089	-0.25319308	0.20973484	0.17395142	-0.05902057	-0.22325794	0.06265385	-0.03480967	-0.10216858	0.07867801	-0.12509002	0.08526851	-0.013441266	0.1523185	-0.04820504	0.07054148	-0.13815254	0.20481096	-0.15225379	-0.052713864	0.112863995	0.038657065	-0.08257794	-0.23704858	-0.123123355	0.15889308	-0.006482936	0.18214247	0.30979756	-0.06889785	-0.15689652	0.122795805	-0.09556715	-0.024116213	0.26670468	-0.063547485	0.22817256	0.14972368	-0.056181964	-0.032809403	0.13570666	-0.09226724	0.19177864	-0.31905112	-0.07993772	0.23415078	0.14343302	-0.18636163	0.057708006	0.23812081	0.05149154	-0.12105399	-0.075379625	0.26989606	0.079772145	0.052723624	0.1281473	0.1178974	-0.07552153
0.0020354677	0.16489501	-0.00022909138	0.24523659	0.29039252	-0.21686795	-0.2662977	0.25132933	0.24672809	-0.061754722	-0.34088492	0.07721303	-0.31650305	-0.2608256	-0.28073582	-0.11747672	0.028859442	-0.26317388	0.26508448	-0.043332987	0.2967046	-0.16418132	0.22737342	-0.2506489	-0.063487045	0.30916694	0.038182195	-0.15752298	0.13722761	-0.2742255	-0.031605	0.19645566	0.31623292	0.31086624	0.2510852	-0.24596173	0.10942363	-0.26034096	0.32709152	0.19590667	-0.23182067	0.26847714	0.07717889	-0.14037715	0.1231347	0.19033578	-0.25516984	-0.014953357	-0.24901164	-0.12460028	0.27073058	0.14314744	-0.16631772	-0.20831843	0.30783212	0.14104563	-0.3433751	-0.08798516	0.1884823	-0.050269905	0.06721331	0.2500042	-0.015979616	0.0710403
0.11747051	0.09602624	0.030126985	0.06662415	0.12638524	0.008398489	-0.15147889	0.12191446	0.19400379	-0.05004004	-0.15299746	0.08918795	-0.07361156	-0.08800277	-0.09705926	-0.027700374	-0.008617048	-0.036621224	-0.025892386	0.063010156	0.04009727	-0.20045404	0.08150428	-0.12562211	-0.0070834826	0.11970034	-0.04421265	-0.1253233	-0.09856151	-0.10944175	0.13015302	0.017247047	0.19249399	0.116615	0.045624323	-0.03601359	0.09847595	-0.17064553	0.058307447	0.0216848	-0.058421865	0.040375583	-0.047346257	0.14241676	0.10117973	0.20884691	-0.018070467	0.036730256	-0.1828002	0.0043951566	0.11252949	-0.013670191	-0.18303166	-0.03107807	0.14837387	-0.09417149	-0.13953926	0.0064553036	0.18394598	-0.03175498	0.08355061	0.13226363	0.05068563	0.025453368
0.013714238	0.1284737	-0.043710858	0.06866091	0.024425056	-0.017784784	-0.15826225	0.11882371	0.093876444	-0.07966066	0.028129818	-0.07065029	-0.15628897	-0.06532765	-0.02137593	0.00027766576	0.01245178	-0.1647198	0.038074188	-0.033475537	0.0231627	-0.058730222	-0.03745301	-0.051958285	-0.041687448	0.18521997	0.1402103	-0.08286811	0.035401996	-0.03293708	-0.0052980315	0.10651986	0.12634659	0.020319248	0.10846024	-0.04119665	0.060850814	-0.05310289	0.08352343	0.15326054	-0.090936355	0.0688252	0.06597651	-0.07120238	0.054838303	0.12822938	-0.041692644	0.030846853	-0.015259942	-0.10161867	0.104777046	0.11595654	-0.08846099	-0.16619192	0.10429516	0.08979036	-0.13866775	-0.086426966	0.08585969	-0.054827332	-0.100259654	0.05011133	0.003348102	0.0012139467
0.13446495	0.044442967	0.0121391015	-0.10144352	-0.058806352	0.10794857	-0.055356685	-0.12926558	-0.07676415	0.0767139	0.07793544	-0.012100811	-0.02220172	0.19018844	-0.19810675	0.09219111	-0.04614708	-0.006132068	-0.12111254	0.12993824	-0.022772878	0.15563002	-0.17046452	-0.023700256	-0.0017890931	0.1093982	0.07681457	-0.11591695	0.06094596	0.052758817	-0.16393735	0.17967908	-0.006044769	-0.009027474	0.18174411	0.117369495	0.007936182	-0.039020684	0.08318032	0.03398702	-0.12528622	-0.010209792	-0.12652688	-0.045267638	0.15389581	-0.22475494	0.058361206	-0.14140071	0.16501383	0.14161675	-0.0907353	-0.13339733	0.2218012	-0.19695573	-0.06896099	-0.12939717	-0.05566054	0.05727491	-0.08105613	-0.1491783	-0.20166065	-0.033318434	-0.15832472	0.14719003
0.19574805	0.17429881	-0.19759546	-0.045394063	-0.084614545	-0.05757783	-0.12184868	0.13842587	0.13622597	-0.19473596	-0.026002543	0.07459334	-0.18875238	0.1657903	-0.07832206	-0.0062728287	-0.20515998	-0.0896254	0.14457716	0.08718615	0.124891534	-0.17011781	0.07498545	-0.09635371	-0.11641945	0.13216285	0.034335803	-0.024456631	-0.00798918	-0.16062507	-0.016477823	0.20103581	0.056250595	0.071472235	0.098541655	-0.12633163	0.15418848	-0.1262617	0.21435092	0.16926898	-0.07070279	0.1338333	-0.15917067	-0.14159547	-0.20490392	0.09590701	0.13054974	-0.18692103	0.053084776	-0.04175942	0.10683024	0.1258906	-0.137711	-0.17347002	0.10150033	0.1289222	-0.15810888	-0.09785263	-0.0024828862	0.09862615	-0.17715088	0.15732977	-0.07595145	0.13067965
-0.23982291	-0.15413678	-0.016132867	-0.032696795	-0.207205	-0.056112595	0.16312526	-0.08630663	-0.18384135	0.053269304	0.029566968	-0.19565362	-0.086193934	-0.12856051	0.27586696	-0.17590052	0.003494421	-0.115185246	0.04158513	-0.114381574	-0.042783193	9.007544e-05	-0.008291209	0.14314698	0.12031094	-0.09908086	0.18050942	-0.08916927	0.12283865	0.04407539	0.22118859	-0.17999874	-0.12573859	-0.16018684	-0.18501715	-0.103649855	-0.10865551	0.14653113	-0.26747385	0.11656236	-0.122298695	-0.20604685	0.040917467	0.026944377	0.16831878	-0.020958472	-0.14416814	0.17567727	-0.12048516	-0.19218096	0.09648234	0.22596721	-0.010221597	0.18417412	0.024926003	-0.05699499	-0.042515792	-0.14937831	0.21534154	0.0730493	0.0010690405	-0.024644252	0.13095285	-0.11959616
