0.022976074	-0.04741788	0.004995428	4.7944486e-05	0.009803116	0.027660456	-0.020501554	-0.044721734	0.043117736	0.0003913641	0.024040196	0.023862515	0.038148236	-0.022559894	-0.023337603	-0.041737664	0.034227695	0.04828118	0.005696606	0.019195441	-0.04318578	0.0066900477	0.029700104	-0.0053062923	0.020631444	-0.025228966	-0.032018878	0.02031603	-0.019492794	-0.014820147	0.045923736	-0.029740108	0.002200853	0.046324138	-0.04045544	0.0018859729	-0.007709872	0.0047382936	-0.044424415	-0.022864306	0.0136070885	-0.028037643	-0.0047701113	0.048218396	-0.01872132	-0.017982483	-0.014979541	0.017036822	0.029470038	0.02014799	-0.02133894	0.018553052	0.0022670254	-0.03648106	-0.034805395	-0.03782499	0.0014385208	-0.031847134	-0.049496938	0.026538897	0.049697984	-0.006762229	-0.04007121	0.033441972
0.0337179	0.0018058663	-0.03129051	-0.0046056444	0.0199758	0.0033727887	-0.045164354	0.01915895	0.010751696	-0.019710004	0.017851777	-0.035676558	-0.008744682	-0.044071727	-0.008266661	-0.005886932	0.04157862	0.050042927	-0.025833352	-0.05125534	-0.03349752	0.049118206	0.06505195	0.004063721	0.018926667	0.010816283	-0.03878971	0.00087881956	-0.019427074	-0.014980002	-0.03262982	-0.039180413	-0.029422058	-0.049747787	-0.012680529	-0.0053785713	0.038881443	0.032859456	0.013631636	-0.04351809	0.044329304	-0.056782383	-0.012703503	-0.0043283626	-0.029824773	0.02127756	-0.049408708	-0.023450527	0.026907247	-0.024683917	-0.024136392	-0.0016668314	-0.0057989224	0.030951718	0.0320414	-0.026369134	-0.0072476123	-0.028720967	0.022901349	-0.041082505	-0.015396383	-0.028469581	0.013375833	0.056564197
0.033787116	-0.011080846	-0.027751837	0.0010713981	-0.0201676	0.07639864	0.038335405	0.013316837	-0.013672031	0.064526476	0.018009014	0.05294716	-0.023978509	0.010830669	0.021576496	-0.020561209	0.03028949	0.030413233	-0.066847004	-0.019487647	0.02220813	0.016377924	0.034332257	-0.027649583	-0.0035070768	-0.00775549	0.060712256	-0.04417322	-0.053202607	0.042141527	-0.07287004	0.016491584	-0.047842167	0.06644605	-0.0573147	0.05747079	0.007967928	0.040362313	-0.03726024	0.082959905	0.044697583	-0.056496404	-0.004187548	-0.026125072	-0.05159048	0.044642188	0.06440897	0.070836484	-0.010231823	-0.028968563	-0.025817525	0.04588838	0.045257084	0.019759897	-0.01630694	0.037085842	0.00923248	-0.013331623	0.108373016	0.063435055	-0.038813315	0.020608384	-0.021675961	-0.04648361
0.008000123	0.01385237	-0.011272027	-0.03819858	0.024745308	0.061614398	-0.0011350781	-0.045807738	-0.035770345	0.057804335	0.011387179	0.0355331	0.00990796	0.05139428	-0.03448899	0.011439001	0.055182256	0.017720493	-0.027787607	-0.043395337	0.039597478	-0.00025527534	0.006544941	0.023011357	-0.054885294	-0.049120206	0.05933634	-0.008340165	-0.014405968	0.047580935	-0.069984145	0.010431218	-0.031887177	0.054285344	-0.055575766	0.015221691	-0.021576937	0.053723242	0.04065083	0.0552943	0.066409275	-0.04174199	-0.054702777	0.038574096	-0.023071283	0.02341884	0.018525865	0.06823844	0.047170877	-0.06324239	-0.057327095	-0.023015885	-0.0260134	-0.017201316	0.015295147	0.011112653	0.049589697	0.028464394	0.1136999	0.07246477	-0.026651379	0.022582076	0.048182104	-0.026620807
0.030194191	0.00012492306	-0.010162335	0.0506576	-0.066419795	0.029905923	-0.012637485	-0.010241974	0.026430296	0.025760276	-0.058343686	-0.0009995698	-0.0060239225	-0.0017345798	-0.002586173	0.011411976	-0.03657543	-0.038213104	-0.012604085	-0.019138804	0.005714481	0.004415515	0.019100094	0.054745823	-0.028700838	-0.020663617	0.042394824	-0.027680093	-0.0017826308	-0.006938163	-0.017856162	0.004479154	0.060624678	0.0056455075	0.002844404	0.0033765577	-0.0026437023	0.03881099	-0.063803345	-0.035070486	0.0177312	-0.051880136	-0.046035662	0.04759418	-0.025864925	-0.015532959	-0.009320308	-0.0012287849	-0.009637684	-0.04742585	-0.028109618	0.016850345	-0.06301688	-0.04311566	-0.02787962	0.03701083	0.033409555	0.031533655	-0.003356339	-0.013075153	-0.051144633	0.03002321	0.066406205	0.025902398
-0.022595493	0.009162581	0.05927243	-0.003904249	-0.031793345	-0.051444035	-0.059982136	-0.01115938	-0.013904247	0.027487291	0.06599907	-0.020865943	-0.021755796	-0.054062102	-0.051883154	0.0048481333	0.020485183	-0.03324026	-0.018321559	-0.039052382	-0.016452173	0.07508597	-0.07145623	0.0009218884	-0.006416146	0.02395158	-0.014791857	0.030603912	-0.079377286	-0.09508919	0.010266018	0.022834567	0.0768991	-0.010653564	0.012599777	0.011638589	-0.031914484	-0.011666711	0.018017117	0.010345805	0.08693375	0.05252525	0.061248023	-0.019724015	-0.10245972	0.041165877	0.0186601	-0.038659632	0.04017293	-0.08509504	0.022659037	-0.091257684	0.004626511	0.004706598	0.010821062	-0.005430589	-0.03704819	-0.049207147	0.031036664	-0.07976748	-0.011902092	-0.04412376	-0.007318606	0.08368198
-0.028464481	-0.037463672	0.04043058	-0.030429794	0.00070697104	-0.107690394	-0.026964799	0.06885301	-0.029392332	-0.06441168	-0.009202603	-0.07352806	-0.07272356	-0.047395445	-0.03709006	-0.034214165	-0.044149507	-0.04069364	0.01897928	0.033386573	-0.04453135	-0.006743822	-0.049500458	-0.05282818	-0.066148244	0.07752011	-0.06091031	0.09366635	-0.05373298	-0.03391407	0.082222305	0.04674009	0.10742905	0.018046742	0.04451881	-0.004639211	0.031609558	-0.040526394	0.04378984	0.02761167	0.094654135	-0.030103208	0.014262796	0.009986582	-0.032924645	-0.009699136	-0.017183483	-0.04545021	0.057764124	-0.11476731	0.08393275	-0.10740794	0.034461897	0.07694034	0.04878583	-0.07218757	0.0062272567	-0.044158407	0.06390773	-0.03103824	-0.010881132	-0.098885134	0.033456307	0.06570542
0.0014953231	0.055837955	0.012353596	-0.018025797	0.023545764	-0.033534255	-0.014462786	0.019563042	0.016342122	0.034371343	0.014965699	-0.04396478	-0.055788517	-0.03434742	0.028734142	-0.044144757	-0.04998795	0.008533718	0.012883269	-0.006775086	-0.040199965	0.039111696	-0.017302435	0.038465016	-0.020349788	0.040112227	0.029703548	-0.03475935	-0.00051670684	-0.04803962	-0.045057416	-0.074109614	0.000913731	-0.045373697	-0.011184315	0.008660012	-0.025049143	-0.039133184	0.041304428	0.0040763323	0.033783834	-0.056904834	0.023243405	-0.018165415	-0.03067364	-0.042737465	0.010173401	-0.012419079	0.040632147	-0.053394023	-0.030572698	0.0072315075	0.014381233	0.026551418	0.033562604	-0.046270855	-0.041933678	0.014871734	0.03354704	-0.00454609	-0.00038619197	-0.050982412	0.04503204	0.053662777
-0.041450564	-0.06307923	0.04695437	0.053045273	-0.06665084	-0.022367977	0.017663782	0.028275313	-0.03812901	-0.017689517	-0.02218679	0.02252342	-0.008835693	0.038218595	0.02390681	-0.042485807	0.03530912	-0.020175224	-0.01778178	-0.004618523	-0.021103611	0.034823235	0.014219191	0.025342066	-0.0255508	-0.022773132	0.053925555	-0.029693432	-0.044056606	-0.039378505	0.038761333	0.015397395	0.041731052	0.052906357	-0.047702305	-0.043544814	0.009652844	-0.030567901	-0.060094092	0.057228755	-0.02090433	-0.0129648885	-0.03081998	0.0011665878	-0.04466234	0.061819483	0.013799144	0.011897659	0.032309633	-0.08683047	-0.0038496861	-0.024269478	0.0076215933	0.029048475	0.014239182	0.008269592	0.011036173	0.018372333	0.005622711	-0.045812488	-0.021273872	0.021651533	-0.0036470578	0.040055394
0.016385378	0.025453359	-0.0151338875	-0.012106243	0.009552996	0.005794527	-0.045044385	-0.03860086	0.0015099586	-0.04482905	-0.010378343	0.028684087	-0.03250693	-0.026778758	0.021452285	0.0044951616	-0.005296504	0.04270248	-0.03631964	0.032014724	3.6120844e-05	0.04218267	-0.010688694	-0.021977492	-0.06610011	-0.03725256	0.012047831	0.06581422	-0.008440783	0.045980014	-0.020454027	0.070624836	0.045994177	0.040295277	0.023081984	-0.0048904675	0.013776121	-0.03214209	0.034428317	-0.03604457	-0.021026677	0.0036022295	0.0109427795	-0.014959675	0.04335668	-0.043257922	0.035140023	-0.051288694	0.04515456	0.03341119	0.011502339	0.01763298	0.01062091	-0.01704419	-0.025103876	-0.019499185	-0.032179173	-0.017540405	-0.021681126	0.009467217	0.018683651	-0.03693935	-0.02630353	0.03430731
0.0165721	-0.0144661	0.009714495	0.02744628	-0.034147717	0.006522019	0.03000016	-0.061290156	-0.031352166	0.023433527	-0.023916451	0.003727092	0.048740085	-0.0040301215	0.018136011	0.007553922	-0.007817778	-0.03418641	-0.0036451882	-0.047834057	-0.008552332	0.03917554	0.010201496	0.004991166	0.024288438	0.00576419	0.045877803	0.05812674	0.030578207	0.042205203	-0.021182291	-0.019245792	0.025811497	-0.012963222	-0.01883625	0.0027778274	-0.01314037	-3.1064323e-05	-0.025242783	-0.012792084	0.038036995	0.03702929	0.00014434873	0.034416936	0.046231326	-0.0437479	-0.026758114	0.019693948	0.03765042	-0.031194618	-0.055063363	0.049614467	0.019614125	0.037159543	-0.0141247865	-0.0014629634	-0.028308418	-0.00789085	-0.050501555	0.0046283966	0.032303166	0.025047807	-0.0063209306	-0.061750084
-0.013724612	-0.012097401	-0.06527041	0.024117861	-0.05321723	0.013296891	0.012184176	-0.0051730857	0.034337986	0.059408437	0.03264319	0.03516246	0.032834783	0.06279996	0.015066529	0.021934472	0.061277106	-0.042121798	-0.06861081	-0.032539085	0.009448496	-0.049730815	-0.008221355	0.0036723905	-0.06451049	0.014332664	0.029190753	0.032810934	-0.016523961	0.029320616	-0.0020513702	-0.03515115	-0.019839482	0.0075526168	-0.047163256	-0.017354043	-0.043383103	0.03834697	-0.0331609	0.08181033	0.051259305	-0.046183076	0.0052155284	0.012259386	-0.10789573	-0.031068608	0.006631068	-0.016450996	0.0056376117	-0.033137914	-0.031295918	-0.0043151304	0.035600018	-0.04131324	-0.013055518	0.0146634905	-0.0044651977	0.052044526	0.11839616	-0.024724975	0.0056697526	0.01785266	0.057614565	-0.02671799
-0.001398537	0.050319757	0.00041918232	-0.02438346	0.04895409	0.018119302	-0.0062997127	0.01811393	0.021206483	-0.025680477	0.004243008	-0.045529738	-0.02291087	-0.01819066	0.032001395	-0.010514987	-0.0070379586	-0.0050381604	0.015359006	0.03777391	-0.036912344	0.017994223	0.04337595	-0.049596377	-0.000718236	0.0121805305	-0.0059438045	-0.089273565	-0.040306617	-0.012397219	-0.029852241	-0.015855288	0.03122359	-0.048728887	0.05324763	-0.012152984	0.01541165	-0.014060152	0.024212176	-0.005690103	0.012658122	0.03061037	0.035692584	-0.0025114864	-0.00010708328	0.035427492	-0.0040781894	0.023619581	-0.012521758	0.05349071	0.016051052	-0.008841733	-0.021707755	-0.047957323	-0.007825211	-0.055343434	0.015919674	0.041538756	-0.01864489	-0.02221845	0.04653804	-0.043422386	-0.04468533	0.046693854
0.050204273	-0.037724007	-0.0014500021	0.044440288	-0.046236806	0.037644763	0.03286829	0.0072270595	-0.024193827	0.025977587	0.023605501	0.014057412	0.045719765	0.016547073	0.0059907213	0.045456663	-0.02013096	-0.06701936	0.029358752	-0.012591771	-0.0012332542	-0.020800026	0.049636446	-0.008480164	0.018819898	-0.025811464	-0.00081927545	-0.03811264	0.033474542	0.0047592483	-0.03144926	-0.06457431	-0.03370765	0.030571315	-0.04708462	-0.005454765	0.03122672	0.05159012	-0.052538846	-0.00096186425	-0.05372998	-0.063596144	0.022795282	-0.00025669867	-0.048364148	0.05778482	0.049237028	0.05764503	-0.019208925	0.012527678	-0.010424455	0.00857354	0.0027294292	-0.059279554	-0.012402492	0.025931995	0.049559444	-0.016464192	-0.016736507	0.001328083	0.029125132	-0.027610691	0.015290529	-0.012106343
0.0016123082	-0.0069102026	0.018093644	0.048884813	-0.08265507	0.056215964	-0.009663584	-0.071695715	-0.043141283	0.042284276	-0.034489013	0.045063518	0.023197955	0.059902716	0.06986915	0.048967447	0.038495384	-0.03505332	-0.064541355	-0.06274695	0.02088353	-0.034145627	0.003769204	-0.0008161798	-0.039249178	-0.0064519085	0.06105325	-0.050810672	-0.010879994	-0.008549181	-0.016918538	-0.07979055	-0.048307955	0.035673168	-0.051780213	0.07443883	-0.07695633	0.03913018	-0.0069218013	0.071252294	-0.038365696	-0.022173516	-0.07556678	0.04600143	0.004396461	0.02964876	0.050430372	0.040295918	0.011604764	-0.028664816	-0.02363097	-0.0028434214	-0.03564293	-0.054925993	0.0011323085	0.047312427	0.035529353	0.0064590434	0.05641237	-0.013756356	-0.013874036	0.016091734	-0.0059785894	-0.04918975
-0.052312754	0.00074128935	0.08769293	-0.073146515	0.10419154	-0.02384754	-0.013949983	0.079268515	0.08190534	-0.039231617	0.0808138	-0.05404555	-0.058374587	-0.037696417	-0.09119566	-0.09112203	-0.0923241	0.0448785	0.05281316	-0.0065851705	-0.020350832	0.08867847	-0.04380424	-0.017535554	-0.055771496	0.09600174	-0.029092655	0.022558155	-0.050926242	-0.06346909	0.06176817	-0.051463958	-0.008976473	-0.019056063	0.09022486	-0.021779414	0.00064910547	0.0025813736	0.04119013	-0.06382804	0.08608108	0.021226902	0.020921653	-0.0752121	-0.030303089	-0.0612328	-0.06943588	-0.06996886	0.0958715	-0.018899158	0.0025682198	-0.04716864	0.08853573	0.037137296	0.08826109	-0.03886702	-0.0029530907	-0.09021784	0.08708485	-0.06508513	0.10016565	-0.088304885	-0.08301215	0.08520976
0.021028392	-0.032221302	-0.052403606	-0.01122364	-0.083853655	0.026208352	0.009128386	-0.0527511	-0.06652463	0.016227743	-0.02262105	0.02545594	0.0254817	0.045632865	0.020460326	0.02086454	-0.019609228	-0.04414466	-0.022330673	-0.025354853	0.013162338	0.0013985443	-0.008230588	0.06868288	0.042956077	-0.071604446	-0.008433935	-0.02968604	0.03505271	0.065928996	-0.030294523	-0.07181737	-0.046297893	-0.012831542	-0.063215904	0.056373287	0.0045772553	0.023552561	-0.05277135	0.055447835	-0.045564435	-0.062497467	-0.016851943	0.07008865	-0.0375945	0.026895806	0.040005904	-0.019655304	-0.062979124	-0.023496622	-0.03818676	0.01793518	-0.055754278	-0.040105768	-0.03367584	0.012632155	0.02071719	0.008615676	-0.018573241	0.05442016	0.0013110784	0.035335276	0.040281326	-0.044512145
0.00071587367	0.0016409587	-0.0075885	-0.012610681	-0.03471851	-0.0061169406	-0.05166408	0.060760394	0.0016040311	0.01869867	0.004139097	-0.041935872	-0.011295168	0.035540327	0.02892845	-0.06329057	0.013781708	-0.015813626	0.018768342	0.005691722	-0.07012676	0.049913544	-0.008246983	0.026081242	0.009689345	0.057713013	-0.039966743	-0.036068853	-0.046540655	0.004164752	0.040329233	-0.044638544	0.028538803	0.028325176	0.038756724	-0.04775319	-0.023245517	0.012259817	0.0071823737	-0.050159648	-0.012720544	0.011564998	-0.008710591	-0.026327694	0.015481397	0.017665321	-0.028982626	-0.06026991	0.045147564	0.0071364287	-0.037260156	-0.038849454	-0.03438451	-0.030165398	0.004972187	-0.037139244	-0.007936341	0.016675055	0.0608524	-0.0346654	0.040913124	-0.06459998	-0.048171286	-0.0024307484
0.0034690532	-0.0024714463	-0.049720377	0.043597456	-0.010962866	0.008056509	-0.013869776	-0.017107993	-0.038015213	0.015812818	0.03379376	0.049097702	0.041112557	0.029628988	0.023317792	0.04054025	-0.030022403	-0.013201972	-0.044146176	0.02393781	0.05393354	-0.03280504	-0.0320718	0.000519761	0.035269372	-0.040385943	0.051380284	0.004528361	-0.019978128	0.051063944	0.02320381	-0.005599916	-0.0037805468	-0.03414005	0.028578805	0.061948266	-0.04308816	0.05382962	0.034043964	-0.024418676	-0.030541023	-0.025120113	0.0045780656	0.03335691	0.022460207	-0.0040085716	-0.004015648	0.012003201	-0.0013289403	0.024022521	-0.019978456	0.014249166	-0.0097639505	0.016141897	0.049705226	0.01745996	0.016167812	0.0016514751	-0.033792745	0.0132174855	-0.003714456	0.05469341	-0.03463067	-0.058808714
-0.064045556	0.07346066	0.021763893	0.0024691927	0.057281397	-0.015217526	-0.048816897	0.05271762	0.055158563	-0.06322398	0.014863136	-0.086104155	-0.07233194	-0.047423474	-0.078310244	-0.05479457	-0.012020632	-0.011340271	0.028475078	0.01901527	-0.060383365	0.008669772	-0.06920831	-0.059265945	-0.069951765	0.061147857	-0.009631818	-0.010781998	-0.04883781	-0.043245886	0.038338732	-0.003987037	0.0105788885	-0.08648497	0.024430769	-0.07306629	0.07191487	-0.042352952	0.085092835	-0.053876974	0.05516315	0.03588946	0.06680337	-0.033424597	0.0056519057	-0.07937147	-0.035081066	-0.05140066	0.08701538	-0.014610233	0.088550635	-0.083007984	0.07034498	0.08369315	0.029494867	-0.022200264	-0.046218876	-0.04262654	0.057628512	-0.06741022	0.002179847	-0.08025456	-0.06973445	0.06324349
0.03894252	-0.050079703	-0.076496534	0.060024302	-0.0038447545	0.014096408	-0.0019312407	-0.024162827	0.025671156	0.031445928	-0.020874223	0.06516767	0.00612109	-0.0028875868	-0.013442589	-0.00062608166	0.07877832	-0.071641706	-0.028217826	-0.06252245	0.086275354	-0.06312264	0.05239318	0.05061851	0.026469057	-0.06720889	0.05514492	-0.034113854	-0.03316486	0.03015208	-0.049703524	-0.02180494	0.009114335	-0.015334933	-0.0038536873	0.08259254	-0.08215544	0.041824184	0.012712332	0.017229453	-0.031109417	-0.0643852	-0.020198578	0.078938246	-0.068296015	0.022645889	0.045383886	0.0719819	-0.0060901246	0.022660537	-0.019890748	0.012254035	0.023969922	-0.030604765	-0.012683918	0.033702284	0.0517834	-0.0034968227	0.048057757	0.09737359	0.003250399	0.022708356	0.045710444	0.009443383
-0.02698793	-0.0619078	-0.027490195	0.005285334	-0.06917445	-0.0117208725	0.030034827	-0.004076687	-0.042187233	0.037154905	-0.018549385	0.031134034	0.024750896	0.0025848302	0.021060204	-0.038617387	0.016775772	-0.06030111	-0.021459904	0.0047664884	0.028491484	-0.024667682	0.015611119	0.03946055	0.017208511	-0.0033493175	0.03974316	0.009008579	-0.00068637804	0.033190273	-0.01963027	-0.08131974	-0.04297749	0.041151863	0.034987517	0.013454962	-0.055985227	0.02450543	-0.05862294	0.038443595	0.024904776	0.01973748	0.035028674	0.01911895	-0.088075265	0.06750961	0.07045157	-0.012561241	-0.0028328095	-0.059289698	0.039843913	-0.04986971	0.034127105	-0.005835368	0.016664378	-0.007658095	0.02066374	0.047011413	0.070710704	0.015637979	-0.027595801	-0.019976923	-0.009253019	-0.011825096
0.013322739	0.035573415	0.06233816	-0.089088246	0.012491883	0.005927161	-0.0829116	0.047597766	0.06760746	-0.07184907	0.0020612562	-0.0758272	-0.045232806	-0.06862372	-0.049613476	-0.015274319	-0.07273908	0.031103611	0.05911094	0.0613883	0.002008248	0.027453564	-0.0018204751	-0.08203592	-0.04412248	0.055824637	-0.036002263	0.037988875	-0.06250696	0.0011959501	0.051234446	0.017080221	0.05542099	-0.06691337	0.034948528	-0.036752965	0.043100987	-0.030378953	0.011166124	-0.020865472	0.04238794	0.0566832	0.01407358	-0.013615457	-0.06763739	-0.080825366	-0.027436286	-0.0030805797	0.08106978	-0.08387722	0.07474043	0.0100153	0.012899044	0.08498152	0.07906659	-0.038686927	-0.08831829	-0.08776737	-0.0061769346	-0.06316758	0.045933947	-0.022943148	-0.08981461	0.0036896414
-0.06537233	0.056490038	0.0066989623	-0.028472396	0.035675198	-0.0232073	-0.03171254	-0.040366076	0.03541041	-0.03905656	0.02787147	0.02336721	-0.024733366	-0.008956772	0.037232004	0.029750522	0.006812828	-0.029666627	-0.0015790829	0.026462281	-0.010911115	0.0043130573	0.027089505	-0.038545247	-0.048291788	0.0030508717	0.0036088892	0.040324215	0.010672681	-0.043644365	0.0042586434	0.004738599	0.031477176	-0.0011872747	0.016852306	-0.017096149	-0.03503756	0.0182111	0.051519867	-0.013894467	0.025762584	0.047348127	-0.018913092	-0.013131901	0.033386804	-0.05928579	0.020945387	-0.03715291	0.024912897	-0.0127488775	-0.019212022	0.0030166542	0.012402046	-1.267913e-05	-0.025050238	-0.006902362	0.026294675	0.02785688	-0.0054392233	0.02125846	0.035350256	-0.035806242	-0.021539666	-0.008929082
0.07385173	0.007799505	-0.025931224	0.050284028	0.0061609223	0.082457975	0.043473076	-0.0070926133	-0.0040272963	0.015696127	0.0010374248	0.07505886	0.08537178	0.07041965	-0.008858864	0.017108448	0.08606017	0.019442951	0.003258444	-0.026143584	0.056070577	-0.030640112	-0.0002661339	0.0064322185	-0.016824737	-0.082685694	0.049743492	-0.02090854	0.044690702	0.04104293	-0.08959218	-0.07729845	-0.025720788	-0.0053583807	-0.07146889	0.05562719	-0.05059006	0.049657207	-0.04268779	0.08357486	0.008633935	-0.05287281	0.010005311	-0.015381468	-0.03883234	0.07108434	0.09121297	0.08818616	-0.022321075	0.064667	-0.06621175	0.0305061	-0.032176077	-0.0010392321	-0.020145325	0.024573978	0.053887967	0.01789815	0.0401347	0.08761074	-0.04683262	0.037019365	0.07536402	-0.009682291
-0.020316454	0.05862459	0.023482269	0.017025704	-0.0067353956	0.030265534	-0.0024724333	0.008681061	-0.034539968	-0.03714441	0.0047505773	0.031200359	0.017185552	-0.015971188	-0.04027904	0.01053236	-0.030744664	0.025622176	0.0074326424	-0.02377114	0.022035923	0.04945679	0.028201656	0.0077137426	-0.012963176	0.050081685	0.015019694	-0.003240798	-0.045923896	-0.04137613	0.0036251198	-0.03245626	0.025853688	0.008570255	0.0017300112	-0.0020821888	0.05253655	-0.05945561	0.037987895	-0.04755382	0.0016811818	-0.021272702	0.002885167	-0.052990396	0.009715735	-0.042356305	0.021471193	0.024922036	-0.039104342	0.0015652515	0.053122047	0.016251035	0.009350832	-0.036550455	0.0025457386	0.010114168	-0.0395202	-0.015606186	-0.009550814	0.009574797	-0.03192372	-0.023674885	-0.009459957	0.055504028
-0.027886769	-0.062398124	0.00705551	0.06893443	0.006745868	0.006039556	0.04948773	0.022087138	0.008801608	0.032868642	0.02624061	-0.03176105	0.054408412	-0.01435265	-0.023531556	-0.028055534	-0.007092716	-0.028507717	-0.028186247	0.01397244	-0.03123228	-0.04582126	0.00021548645	-0.020832097	0.01584087	-0.02143047	0.023835042	0.021222407	-0.01665763	-0.03299041	-0.006661237	-0.025416767	0.02349078	0.009188524	-0.042035587	0.021372199	-0.02142425	-0.019622296	0.0026195624	0.02820165	0.03928249	-0.016917327	-0.045905825	-0.009614917	-0.07640266	0.045370903	-0.008916397	0.0058164	-0.015712969	0.010065991	0.014150672	0.03400265	-0.0282658	-0.032889448	-0.037045512	0.023352891	-0.031181848	0.016736297	-0.007436119	-0.04024514	0.033768084	-0.015354357	0.015216027	0.031206911
-0.002400936	-0.048294608	-0.07347181	-7.451662e-05	0.008488199	0.019168125	0.06896217	-0.039944213	-0.052710827	0.07034392	-0.051854573	0.076354556	0.040851634	0.08488899	0.02136789	-0.0030591069	0.0557495	-0.04942489	-0.02923477	-0.026953056	0.048988577	-0.07478474	0.0012932065	0.026903963	0.031334862	0.006233591	0.068625584	-0.05862309	0.07696293	0.09403777	-0.039185435	-0.07993411	-0.043218125	0.06427709	-0.047806587	0.04359099	-0.06180773	0.015573269	-0.002787834	0.013503395	-0.028024742	-0.065466076	-0.030185295	0.061540525	-0.09451865	0.027686263	0.09339114	0.033223767	-0.018872933	-0.003173425	-0.018475467	0.010672274	-0.017442068	-0.078217536	-0.040903218	0.029454686	0.06037214	0.038917862	0.032281477	0.053594828	0.009365218	0.05299963	-0.018648943	-0.048692644
-0.014694814	0.070685305	0.07473414	-0.065157406	0.0078083836	-0.043300472	-0.011410951	-0.0015262234	-0.0126986755	-0.037209775	0.04229033	-0.03727359	-0.067872316	0.009100475	-0.03846184	0.01749015	-0.049995624	0.009417669	0.019416967	-0.0043669017	-0.0004789117	0.0034367421	0.012075269	-0.07030847	-0.076938726	-0.010928181	-0.03082727	-0.00970493	-0.00953978	0.006368576	-0.026962636	-0.03329184	0.014512046	-0.009081204	0.017388	-0.043252744	0.0033426916	-0.017664997	-0.0041471827	0.005569782	0.05810601	0.04716178	-0.005363404	0.00027855998	-0.07061789	-0.03559791	-0.06520817	0.019901207	0.020137804	-0.049286995	-0.009852013	-0.017519709	0.037611034	0.020085031	0.002581043	-0.010409987	-0.016915262	-0.078104034	0.05623407	-0.042109802	0.07534966	-0.04962888	-0.0002236705	0.07402971
0.012689815	-0.0048027383	-0.01627283	0.055010695	-0.021200601	0.042909265	0.0029370303	-0.08939594	-0.040669944	0.014211111	-0.0030520298	0.0055350903	0.05018531	0.017002229	0.052440435	0.07079136	0.024290357	-0.0024434526	-0.00034739674	-0.08142175	0.044299614	-0.009950183	0.04500984	0.08641697	0.03600597	-0.001697849	0.04152433	-0.018749645	0.027099093	0.056700286	-0.024116073	-0.06261466	-0.07938658	-0.00044646065	-0.011916094	0.0489222	-0.08129923	0.028232248	-0.050757006	0.057398133	-0.04847919	-0.09578626	-0.033492014	0.056361765	-0.09048313	0.02352376	0.096387446	0.08689943	-0.042097453	-0.0073979395	-0.004315604	0.042529516	-0.03177854	-0.009139235	-0.049172167	0.033569932	0.01134221	0.07479843	-0.020495962	0.09304448	-0.016764393	-0.0016690958	-0.0056392555	-0.04900659
0.073987395	-0.061870646	-0.023351204	0.005730602	-0.07013197	0.041884195	0.07036607	-0.0039864816	-0.036361165	0.07135879	-0.015070819	0.084664695	0.05848017	0.08352989	0.08304709	0.042013727	0.03992754	-0.019985108	-0.011666962	-0.037575282	0.020100841	-0.03382166	0.039413836	0.036303733	0.022735655	-0.07120096	0.09858343	-0.0843938	0.050232187	0.06038883	-0.054277934	-0.10207167	-0.046238128	0.065471545	-0.09233856	0.10525087	-0.046973888	-0.0011675837	-0.05485474	0.03824556	-0.018167239	-0.04501093	-0.08605713	0.097609706	0.019148054	0.036836382	0.02812084	0.09224451	-0.09107972	0.085560404	-0.058598142	0.075420216	-0.073410474	-0.063673325	-0.060714412	0.092383385	0.09680107	0.091694884	-0.062199328	0.07761664	-0.0293223	0.09638831	0.0286232	-0.059001796
-0.04826156	-0.05183443	-0.0063907383	-0.016573036	-0.04641102	0.017684836	0.04353935	-0.025374742	-0.044662647	-0.013325375	0.047136985	0.030936547	-0.027162464	-0.0664671	-0.037229314	0.010566113	0.032832276	-0.021440618	-0.0045689405	0.0071875625	-0.06838886	0.002235851	0.035470556	-0.029400704	0.028954135	0.017051015	0.030541277	0.051233746	0.025685608	0.008565015	0.08065269	0.025682727	-0.0062991674	-0.026092472	-0.017990723	0.034081325	-0.023316795	-0.04339816	-0.0150362095	0.016873892	-0.054259833	-0.002514696	-0.008253558	-0.016570741	0.05747281	-0.036221113	-0.0064925156	-0.058013048	0.00808795	0.04350458	0.02243813	-0.05616602	0.0024401338	-0.004782608	0.04489233	-0.0012301984	-0.04531791	-0.020199101	-0.05469863	0.011210666	0.027035048	-0.016791563	-0.017406398	0.0016593065
0.083662376	-0.0037700818	-0.07323615	0.016764393	0.005421142	0.016367376	0.038489792	-0.091826	0.004470253	0.017873095	-0.08744863	0.052061737	0.08480873	0.053321294	0.046475384	0.003192043	0.06878183	-0.07088557	-0.07529655	-0.07727367	0.08404135	-0.03684737	0.078469	0.08518051	0.07434768	-0.091835335	0.02945212	-0.1028089	0.04294297	0.09042813	-0.055984113	-0.06204827	-0.036102276	0.005322146	-0.066877976	0.07103847	-0.025483843	0.07996063	-0.024747988	0.020850241	-0.08451359	-0.019311225	-0.016179955	0.08040436	-0.076623775	-0.006837719	0.058808193	0.060736187	-0.017173873	0.03122399	-0.056544665	0.019797068	-0.07909878	-0.08413241	-0.06006201	0.012660259	0.019054327	0.027704999	0.026004365	0.038053785	-0.05914796	0.081104964	-0.002329564	-0.05160798
0.030104585	0.028120447	0.009881836	0.018386878	0.057682384	0.017463034	-0.020000476	0.037549365	0.02657023	0.0024470915	-0.023941386	-0.026663553	0.0013477495	0.019720295	-0.0092051355	0.009606592	0.002345375	0.023013711	0.06351816	0.051891077	-0.023978245	0.042053357	-0.038529854	-0.062273614	0.035698082	0.046379283	0.015066737	-0.02330936	-0.038879033	-0.020923447	0.031205483	0.07412452	-0.029421773	-0.010723886	0.025647279	-0.060015082	-0.0032351613	-0.03269669	-0.010538407	-0.01490162	-0.0027333372	-0.024191068	0.016846566	-0.045694117	-0.012198349	-0.02986577	-0.018180734	-0.023341702	0.045605186	0.00167406	-0.034816638	-0.03272743	-0.025477042	0.038097583	0.027875612	-0.026743477	-0.03499554	-0.06154598	-0.036140397	0.02418889	0.006834684	-0.00575263	0.022430236	0.020918153
0.012975767	-0.05396854	-0.03226475	0.06583347	-0.067187995	-0.013209299	0.07051714	-0.011682991	-0.02745009	-0.004462387	-0.030687375	0.03641053	-0.021045092	0.063210785	0.020590197	0.057109963	0.058659807	-0.052195057	0.0062051495	0.031132076	0.070102446	0.012825734	0.043091558	0.0075143413	-0.006364162	0.013396928	0.054468878	-0.03473895	0.05426828	0.03237202	0.008636982	-0.01781985	-0.043066002	-0.016473778	-0.07003328	0.027167454	-0.0671682	0.0561899	0.023299389	-0.004643026	0.008053265	-0.056833684	-0.0615227	0.0013790379	0.059113413	0.023045043	-0.011311583	-0.023391139	-0.0032271808	-0.0017070563	-0.03516087	0.025788974	-0.0352923	-0.049784992	-0.009833972	0.04304439	0.06332231	0.014003192	0.021804236	0.06456231	-0.022326486	0.016708547	0.013454586	-0.025146022
0.037121285	-0.021897344	0.041447718	0.02978254	0.037810512	-0.02594965	-0.0015898481	0.05280091	-0.027915636	0.02709732	0.0638382	0.01052883	-0.06571128	-0.0020414777	-0.04252702	-0.07540087	0.020316739	-0.04555874	0.03894788	-0.005178848	0.02746479	0.04486055	0.0346362	0.013086167	-0.0138692595	-0.0036046905	-0.035927117	-0.06058575	-0.032490924	-0.07347331	0.016697785	-0.0072341617	-0.04335385	-0.05971665	0.01672278	-0.026395371	-0.04250086	-0.043402974	0.042016845	0.013114899	-0.0010060695	-0.06324344	0.052232806	-0.003188235	-0.050975624	-0.010562956	0.03121397	-0.059983812	0.06520005	-0.047083683	0.036784753	-0.017033087	0.014986507	0.051649038	0.050313596	0.0050505046	-0.02758059	0.022728905	0.029525314	-0.057554916	0.026190197	-0.0069141965	-0.055262655	0.067747064
-0.0023411752	-0.046778895	-0.059133183	0.06098872	-0.0528464	0.033253457	0.051509682	-0.039740305	-0.0037773168	0.0077463216	-0.07334002	0.052716	0.017064124	0.008112001	0.057121117	0.0027860934	0.094208434	-0.04685811	-0.07642106	-0.06946338	0.092551984	-0.05609672	0.09088914	0.04982206	0.011949383	0.009487797	0.039499313	-0.05037738	0.054388694	0.008361493	-0.09919254	-0.08716635	-0.03081032	0.08637661	-0.074870594	0.004660671	-0.021519426	0.0022598063	0.0023710818	0.080354944	-0.062050346	-0.00883044	-0.051031783	0.0890584	-0.05601508	0.029720485	0.03119148	0.07207629	0.0037697647	0.040156156	-0.02546616	0.027246583	-0.0038098537	-0.06302544	-0.0800009	-0.005209858	-0.00091066223	0.056217395	-0.0059520584	0.060727846	-0.0025997208	0.07996137	0.04364059	-0.06927081
0.008667363	0.02845249	-0.052216895	-0.022036571	0.0097949635	0.03472637	0.015316148	0.023424478	-0.060664795	-0.028238935	0.0055184443	0.05678468	0.0200242	-0.00843419	0.043507285	-0.034096524	-0.010521885	-0.053712763	-0.013450515	-0.0352907	0.03816619	-0.0016716366	0.03671453	0.041935176	-0.007586594	0.01782633	-0.032225426	0.0142339505	0.006133163	-0.03059493	-0.054162543	0.020671058	0.027926551	-0.018190486	-0.052860722	0.039812654	-0.022233631	0.03384659	0.003482799	0.042175073	-0.038874622	-0.019004507	-0.026711848	-0.013057224	-0.011188259	0.0060642525	-0.027704649	-0.018710002	-0.003220504	0.054745886	0.00733054	0.051629074	0.02917954	-0.018831473	0.01634789	-0.0098615745	0.02599682	-0.0217665	-0.04644706	-0.020856641	-0.03195572	0.028732883	0.04011296	-0.038230296
0.032454163	-0.050799843	0.04613988	-0.019890858	-0.034616273	0.008953697	-0.03048117	-0.0347612	-0.026647838	-0.060023535	-0.009008068	-0.026991135	0.0028791267	-0.014580976	1.21936555e-05	0.030747876	-0.04407455	-0.032213915	0.050027877	0.0079200715	-0.050451253	-0.055712465	-0.033531554	0.013012979	0.0064096684	0.043525975	-0.052711397	-0.013442702	0.021145567	0.001360023	0.081571735	0.08684615	0.0593164	-0.046966247	-0.00817962	0.03483317	-0.007580196	-0.029231776	0.002506292	-0.04266132	-0.0039747995	0.027486593	0.044495687	-0.026070828	0.031328306	0.04185396	-0.026394561	-0.06823337	0.002719161	0.020210348	-0.024963086	0.011573226	0.031779375	-0.012643485	0.012946756	-0.02704452	-0.04794129	0.0046632686	-0.07599146	-0.05564233	0.0031445343	0.040001757	0.051368486	0.028399568
-0.01990229	0.04053842	-0.030287107	0.021087915	-0.0067246784	-0.011353673	-0.015709613	-0.00016299292	0.030486753	-0.00908573	0.038079116	-0.018309664	-0.0034473909	-0.06011087	0.024120303	-0.05732233	-0.019306147	0.032480143	0.029308163	-0.038726293	-0.048088454	-0.025520165	-1.3182063e-05	-0.0018045377	0.02849634	0.037267756	-0.021447398	-0.0354641	-0.028712222	-0.0016807839	-0.0065851905	-0.011065086	0.028723381	-0.043233655	0.026201192	-0.038535893	0.010786253	-0.03511041	0.0017541634	0.007324788	0.013527413	0.007900493	0.05981717	-0.030612985	0.06210468	-0.029828105	0.012812954	-0.018073628	0.05941702	-0.03274614	0.058380436	0.0036015888	2.6784182e-05	0.004679147	0.0030070208	0.029165834	-0.013974913	-0.015656797	-0.034297526	-0.013031561	0.05760169	0.0068806764	-0.04005521	0.039656106
-0.060133588	-0.0003923903	0.044428673	-0.011615953	0.06978251	-0.03742204	-0.009903579	0.06927663	0.03649421	-0.06739683	0.03521021	-0.02009355	-0.060857914	-0.043153487	-0.006897807	-0.039276656	-0.07398332	0.04767555	0.029824559	0.07401778	-0.056523323	0.05029063	-0.021362485	-0.07667611	-0.07813159	0.04867428	-0.07624914	0.018281773	-0.02615708	-0.05825009	-0.024353722	0.03581034	0.041667596	-0.022923118	-0.008107466	-0.045277376	0.018961515	-0.032828942	0.012515731	-0.001580326	0.019423835	0.07321971	0.0077253864	-0.00044260838	-0.014295343	-0.049139094	-0.007176554	-0.055042844	0.04738864	-0.081155896	0.040202912	-0.024982193	0.019082757	-0.021330828	-0.012200983	-0.02679509	-0.017235268	-0.02535294	0.027946364	-0.054049276	0.027066	-0.05220851	-0.0029804942	0.031934526
-0.054195087	0.068272986	0.008740484	0.020902544	0.0019091631	-0.067022756	0.013040685	0.06429141	0.04953937	-0.009848651	0.039189864	-0.05472787	-0.056029823	-0.017501494	-0.0037695533	-0.06741267	-0.0064405724	0.05138233	0.056371763	0.009277022	0.020404147	0.025357101	0.00555768	0.006477725	0.011881204	-0.013270135	-0.0744923	0.036339983	-0.009253551	-0.015818607	0.064018734	-0.02804338	0.006721274	0.0054300614	0.061530754	-0.07136143	-0.015053404	-0.029521273	0.053797904	0.0052191615	0.043601453	0.019190906	0.044885036	-0.024433758	-1.605246e-05	-0.005490679	-0.05909996	0.020649688	0.0008375275	-0.059730828	0.067618646	0.006756065	-0.010052846	0.054806925	0.025319278	0.019092768	-0.068540536	-0.036723137	0.008991416	-0.036546882	-0.016493129	-0.067577705	-0.022748426	0.05145117
-0.0108377645	-0.057952724	-0.031484216	-0.013766185	0.0074243736	0.057682138	0.020173114	-0.0040962235	-0.042098757	-0.016780443	0.031587742	0.026436055	0.016833585	-0.0035189867	0.021863472	0.027397268	-0.006081177	-0.016585331	-0.04191025	-0.008256239	-0.0073478078	0.016115962	0.0596879	0.028520737	0.025441233	-0.033374157	0.025208171	0.009506592	-0.020666486	-0.012909736	-0.025403984	-0.028406106	-0.00013409567	-0.0112070795	-0.062361818	0.052950855	0.010688264	0.028656833	0.0233418	0.0148530835	-0.01603531	-0.024693692	-0.027752334	-0.018671013	-0.07323215	0.010622483	-0.023273988	0.004486996	-0.03331629	0.009105071	-0.005962572	-0.022969827	-0.04439306	-0.008028557	0.011350009	-0.01707921	0.021639556	0.029182129	-0.003644581	-0.018604545	0.0023961165	-0.014322563	0.058532268	-0.027878294
0.020935846	0.009671291	0.03225409	0.0033291345	0.004209651	0.020037923	0.011354442	0.03967897	-0.026811577	0.016660495	0.014645451	-0.043609876	0.011122107	0.012111038	-0.04995314	-0.046066873	-0.009736904	-0.009089798	0.025525788	-0.0058310395	-0.0023926627	0.043647867	-0.0069218045	0.0018692215	-0.048447095	0.017803526	0.0035188624	0.024496062	0.00433806	0.027083002	0.027980266	-0.03515107	0.045636576	0.008376026	0.041467443	-0.06140608	-0.023832211	0.029505335	-0.031754047	-0.0078113494	0.04151752	-0.028818827	0.0007470465	-0.04228147	-0.027251529	-0.029596012	0.030245734	-0.011993735	0.013793616	-0.031485654	0.059044246	-0.0484571	-0.010497075	0.04509572	0.010772708	0.004128962	-0.011635621	-0.025581764	0.030694244	0.008968427	-0.00030182462	0.017866548	-0.007826014	0.027640136
-0.06248	0.019200927	0.032467328	-0.05424237	0.050039247	0.0047017126	-0.0770917	0.07262027	0.006128042	-0.015232887	0.083986364	-0.056929186	-0.024541242	-0.06995417	-0.041526	0.0005960915	0.009049192	0.03023548	0.06841228	0.0050803283	0.019534994	0.04154491	-0.018085	-0.055245075	-0.030442193	0.0005721249	-0.037443094	0.016136626	-0.042237375	-0.05691241	-0.0045269597	-0.036704276	-0.017133722	-0.0027318483	0.033955347	0.0074294587	-0.018176476	-0.06895358	0.07326989	-0.027998663	0.0046134517	0.037895177	0.020089613	-0.007318443	-0.011880255	-0.03815071	0.006214962	-0.06079921	0.088960715	-0.0386923	0.01858537	-0.0069501796	0.061920293	0.0063924813	-0.013975232	-0.070987515	-0.033757932	-0.043504253	0.002454481	0.0072020376	0.04077714	0.0045110225	-0.03411536	0.05559068
-0.0051045064	0.006492888	-0.02582737	0.012271464	-0.04479325	0.043452457	0.038922854	-0.048118018	-0.03034393	0.050303064	-0.04275984	0.059334222	0.047016047	0.06747746	-0.022725761	0.031035012	0.055279035	-0.029082669	-0.025746653	-0.03479463	0.012224307	-0.021271981	-0.013970951	0.043382104	0.037636217	-0.05932648	0.052143894	0.016069518	0.013235373	0.033320434	-0.047575813	-0.015959194	0.017314302	0.058405362	-0.071482204	0.02091656	0.01192189	0.032929704	-0.06974333	-0.013697088	-0.015527301	-0.002019676	0.022918178	0.052480984	0.003802704	-0.017444516	-0.013620291	-0.0027099238	-0.07518888	0.03378972	-0.03208613	0.023402875	0.018063368	-0.01175556	-0.03673032	0.026036728	0.010541193	0.036336258	-0.028985467	-0.0086445045	-0.036052067	-0.015236801	0.055819977	-0.06787669
0.0039628963	0.0126992585	-0.055804256	0.036889497	-0.06933833	-0.007900977	-0.009831785	0.013119668	-0.06551648	0.04384907	0.001009177	0.04878829	0.0055621834	-0.023237195	0.0072586043	0.04833332	-0.040136665	-0.015005182	0.004056507	0.027613705	-0.027161418	-0.015500867	-0.020125633	-0.034638178	-0.030473437	-0.01692454	0.025149697	0.04401616	0.03456439	-0.022689834	-0.0076190447	0.0061570057	0.007914367	-0.022272825	0.0009845535	0.048658185	-0.056282643	0.0064585283	-0.027969334	0.023495538	-0.051764928	-0.03647593	-0.033363536	0.0340272	0.026241295	0.021939535	-0.012655086	0.030182203	-0.016359208	-0.030782916	-0.0349104	0.013902305	-0.048400164	-0.013925571	-0.035532463	0.009069876	0.031205222	-0.002759506	0.0010928601	0.021772936	-0.032499854	0.038280137	-0.0041509974	-0.00058847194
0.034040816	-0.025025114	0.022557432	-0.036177557	0.018022487	-0.004457878	0.01899249	-0.01713116	-0.04272791	0.02383193	-0.041745342	0.0265553	0.034861546	0.04310157	0.051695533	0.04048574	-0.015491016	0.031686913	-0.022730162	0.020601606	-0.0023540352	0.038161498	-0.014687969	-0.037000015	-0.031541195	0.007138007	0.034787554	-0.036245413	-0.030928927	-0.02167258	0.012689016	0.0382245	-0.02319082	-0.020147568	0.040064074	0.047514096	0.047510862	-0.0026205329	0.00547992	-0.03899078	0.013055088	-0.010278978	0.027198542	0.046754748	0.021981088	-0.021975128	-0.03538287	0.028254727	0.0019217134	-0.013624591	0.018614933	0.075422205	-0.007845981	-0.043144584	-0.025088858	-0.026931547	0.037669446	0.047197502	-0.048841752	0.053224757	0.017774506	-0.010980147	0.012013232	-0.052385654
-0.029004732	0.008104352	-0.009760273	0.029365754	-0.034269113	-0.030635634	0.033878736	0.01855224	-0.014733995	-0.02813288	-0.04792413	0.048589658	-0.008005409	0.0073693027	0.016011251	0.018043842	-0.030150907	-0.05301035	-0.03400843	-0.0019099042	0.044319082	-0.009390342	-0.026033087	0.054816425	-0.001187252	0.02742368	0.005493318	-0.0063584456	-0.037939865	-0.0271163	-0.04715956	0.028084265	0.030696586	-0.033365313	-0.051507298	-0.003694997	-0.02545037	0.04900289	-0.0442054	0.03256031	-0.021780996	-0.03393214	0.015519451	-0.022543931	-0.04306405	-0.011770587	-0.002967996	0.028010469	0.04338405	0.0019478314	0.04167073	0.04348419	-0.0047571063	-0.033325143	-0.0004809368	0.03537176	0.020520655	-0.017807186	-0.0012948379	0.045706403	-0.025758779	0.009627932	-0.0021537938	-0.013388381
-0.040661585	0.050809324	0.036880687	0.011785027	0.043108076	-0.05592958	-0.010129978	0.0369391	0.046794046	-0.007903879	0.0107540935	0.01669562	-0.020351313	-0.04245062	-0.004759544	0.03222561	-0.051830664	-0.029141858	-0.046221595	-0.0012815561	0.008638666	-0.009500774	-0.025456244	0.02060007	0.03127828	0.026909744	0.029581366	-0.02765882	-0.037970483	0.024529211	-0.021844814	0.013890392	0.033482954	-0.03983171	0.020500328	-0.011138354	-0.02133842	-0.034542277	0.009766762	0.027816242	-0.020730793	0.034277968	-0.038647734	-0.006077016	-0.013282566	-0.043637	-0.033137735	0.035009902	0.040819604	-0.04081387	0.050354414	-0.041788355	0.06222144	0.02589849	0.012434037	0.01351885	0.004761719	-0.050948992	0.033443935	-0.018277783	0.006030602	-0.055436075	-0.028858174	-0.015276812
-0.028611612	-0.017962068	-0.0563893	0.0658696	-0.008268403	-0.007284727	0.049766738	-0.013176943	-0.0012136047	-0.029717954	0.020305768	0.0015998072	0.06837724	0.019337073	0.02412595	0.014060503	0.03143551	-0.015660161	-0.03931802	-0.059093706	-0.019030038	-0.06238554	0.017255565	0.070062675	-0.005187288	-0.039874155	-0.0098146135	-0.044132814	0.0076033026	-0.038664587	0.032904122	-0.026415009	0.02336433	-0.026842957	-0.028120305	0.002456796	-0.049842164	-0.01692709	-0.003576591	0.0686481	0.016782407	-0.001214728	0.020945992	0.04609871	0.024138523	0.07845646	0.031605504	0.03683191	-0.041628364	0.050004333	0.03578465	-0.009902225	-0.048519496	-0.055315595	-0.066922955	0.05873427	0.039920546	0.055196423	-0.04559832	-0.016154809	-0.03521173	0.004901086	0.083916314	0.02337303
0.018698504	0.03698987	-0.039347813	0.054358605	-0.049857594	-0.052004393	0.028802514	-0.03002634	0.010494037	-0.020582289	0.025582759	0.024260988	0.038836315	0.046442296	-0.0003683132	-0.04614335	-0.0011022458	0.031477567	0.033419754	0.016872048	-0.03901636	0.02369061	-0.019908005	0.038792424	-0.05495648	-0.033341955	-0.033606306	0.0467253	-0.0050732554	0.039696995	-0.03499594	0.0032290877	-0.020864058	0.03334989	-0.0027809283	-0.014927201	0.0340244	0.037601277	-0.01763283	-0.02067615	0.01814703	0.0314896	0.023925375	-0.0093730735	-0.056669995	0.022426246	-0.009194342	-0.04652814	-0.042541128	-0.00078382046	-0.008944446	-0.018596804	-0.0461131	-0.011037539	-0.032674637	0.02578606	0.028338756	-0.04466203	-0.03389861	-0.034092125	0.03824353	0.016227294	0.03831027	0.037103772
0.010030981	-0.015360201	0.006388401	0.03410148	-0.06838726	-0.013899736	0.031612184	-0.049911145	-0.03428771	0.010203839	-0.033627234	0.0022739242	0.04432577	0.0632937	0.03705379	0.033266526	-0.012571953	0.017815387	-0.040997334	-0.03281129	0.020795902	-0.025475483	-0.010376054	0.029657992	0.012577129	-0.07832724	-0.017361207	-0.03461749	0.0534645	0.066272765	-0.036027838	-0.018487656	-0.016612267	0.04169142	-0.074895084	0.009143189	-0.043044396	-0.00448149	0.0072493833	0.033020716	-0.0011602192	-0.054862212	-0.004839088	0.07044076	-0.05239944	0.009531519	0.056393385	0.06988667	-0.082191214	-0.01131166	-0.031060861	0.05876054	-0.061070397	-0.014687995	-0.039010197	0.06391563	0.018028205	0.05348372	-0.029280825	0.04291844	-0.06921337	0.05394686	0.038140956	-0.067611225
0.07638359	-0.0667698	0.002815082	0.041822303	-0.03383501	0.019067267	0.036032934	-0.004340743	0.0039529307	0.04603496	-0.010542472	0.0745584	0.074161984	0.02546981	0.060038265	0.08479847	0.08581613	-0.022024028	-0.04825082	-0.08283765	0.0018465124	-0.08723356	0.07637215	0.00938131	0.02321749	-0.067498975	0.06715505	-0.07291849	0.05123853	0.022686325	-0.034508675	-0.07407059	-0.05119313	-0.0010986021	-0.04743981	0.020795388	-0.0006333399	0.03716767	-0.057841834	0.0007198868	-0.01965778	-0.071337074	-0.033176195	0.009053926	-0.0658856	0.0458453	0.016783528	0.0029246775	-0.0735601	-0.0072533656	-0.03201896	0.0035430915	0.004256842	-0.0021682754	-0.011069638	0.053306323	0.055926733	0.03692103	-0.025406286	0.043902904	-0.0442678	0.04098059	0.0120005645	-0.06455207
-0.019501923	-0.038174354	-0.0051882276	0.07143339	-0.005393028	-0.0020445483	0.07151164	-0.05169632	-0.07980302	0.04041364	-0.027788432	-0.0077531086	0.041434538	0.0069678943	0.018384423	0.012435681	0.016434502	-0.048391342	-0.02669616	-0.009999947	-0.014356428	-0.039134122	-0.0013633958	0.044574324	-0.0046499283	0.0012874897	0.04164126	-0.06213042	0.06771051	0.022654036	0.011996062	0.0060697133	0.037689526	0.052092172	0.01831808	0.05842398	-0.06720248	0.06047529	-0.05156344	0.0006893024	0.030636746	-0.009975272	-0.07031396	-0.022081727	0.0037771836	0.05891183	0.07390521	-0.025098627	-0.0027972988	0.018844722	-0.029211266	-0.036044214	-0.06381073	-0.052856717	-0.0028809926	0.016987933	0.070316605	0.053405542	-0.020161722	0.053493217	-0.07743007	-0.03387253	0.065913334	0.027185358
-0.0378915	-0.05889567	-0.015515059	0.015228196	-0.043785926	-0.00961051	0.034367546	-0.028401228	0.030145872	-0.013091717	-0.002610484	-0.020483803	-0.03240116	-0.005322021	0.04818219	-0.014906229	0.04510387	-0.059270192	-0.016267037	-0.005263198	0.019460402	0.007981363	-0.024777139	0.000956695	-0.021106023	0.042475604	-0.014690019	0.04888085	0.050711967	0.025011297	0.03285118	-0.039390713	0.0051498464	0.026755238	-0.025736285	0.048695646	-0.015702212	-0.045098066	0.016934233	-0.014018075	-0.009402912	0.029518785	-0.0143094035	-0.033699494	-0.0016663942	-0.023128461	-0.029632434	-0.051266264	0.036461286	-0.026997196	-0.029883368	0.032192037	0.013233194	-0.04539388	-0.03556777	0.014636012	0.0067936038	-0.039753985	-0.04775889	-0.008739297	0.04060977	0.0010825316	0.05122338	-0.016083403
-0.013378061	-0.029337022	-0.011164133	-0.05459222	-0.026847776	0.010749502	-0.012455275	0.03202499	0.016301924	0.024657989	6.1319915e-06	-0.051787592	0.029474678	0.0020050923	-0.009181362	-0.057130177	-0.06635611	0.03214829	0.0065225256	0.07481027	0.029409816	0.056112606	-0.04234675	-0.013896732	-0.045842636	-0.008677475	-0.03438334	0.0317842	0.011101065	-0.03491063	0.047565755	0.07235213	-0.016329333	-0.04090852	-0.009883153	-0.02628233	0.034051605	-0.0037906745	0.017838795	-0.006935604	-0.025133979	-0.031118177	-0.015980944	-0.06778822	0.074760854	-0.021632379	-0.03865316	0.01305164	0.058715392	-0.025743352	0.03334846	0.023683973	0.059646882	0.042884074	0.026097728	-0.022476554	-0.062403865	0.013948864	0.048935678	-0.05799689	-0.013766887	-0.062149893	-0.005677973	0.037538745
-0.0051367404	0.015301003	-0.003957215	-0.02585108	0.012153224	-0.0023309563	-0.022644674	0.0053786156	0.021062039	-0.0626496	0.0627773	0.010750628	-0.049304537	-0.048858147	-0.03166084	-0.029525576	-0.057926107	-0.01646613	0.011616928	0.062686846	0.0045113415	0.05541791	-0.003942356	-0.045140337	-0.028643165	-0.019022837	-0.045352407	0.044519648	-0.059837162	0.014700072	0.029159365	0.08299444	0.01738053	-0.011119761	0.024065562	-0.025477057	0.06965039	0.02083266	0.009472438	0.009575024	-0.02602326	-0.014160564	0.038306225	0.017127354	0.10150027	-0.043222506	-0.037750576	-0.0032324092	0.05955172	-0.018958813	0.06542464	-0.033437643	-0.028549425	0.050168905	-0.018250264	-0.057666805	0.018613152	-0.037019067	0.038085636	0.00029351725	0.029226393	-0.048833117	-0.04205282	0.00983679
-0.003613573	0.029707277	0.020201596	0.022470077	-0.0189411	-0.018772323	-0.040825848	-0.023150932	0.038313534	-0.028217219	0.0054154145	0.016957048	-0.031371716	0.03236768	0.028570548	-0.021004707	0.016622731	0.01059923	-0.04082561	-0.03496055	0.046251625	-0.012367509	0.037171908	-0.03520615	0.030462187	-0.006820567	0.02414031	-0.008891043	0.0061692386	-0.028799223	0.015589196	0.008451611	0.01928944	0.0053424663	0.024405424	0.016952036	-0.03331909	0.027462946	-0.015165405	-0.0022554572	0.039517194	-0.027461663	-0.015090302	0.029563634	0.03720874	0.029809663	-0.021444928	0.044734333	0.016832964	0.021383258	-0.013780379	-0.018492753	-0.019215127	0.04364824	0.019571992	-0.0049862964	-0.010239488	-0.013128147	-0.025206693	-0.0007386976	0.047323577	-0.010594093	-0.0060861055	-0.0032704084
-0.019140225	-0.02200682	0.019272301	-0.02430949	-0.0333072	0.058778364	0.048274405	-0.027709635	-0.019595535	-0.008209709	-0.05391268	-0.014877822	-0.0056852726	-0.022000844	0.0602861	0.051505566	0.023805868	0.03034183	-0.0063300002	-0.013757191	-0.013800877	-0.032219823	0.040945705	-0.0059694336	0.059019387	0.019495843	0.03061252	0.015648883	-0.015928242	0.014238545	-0.033485394	0.011254891	0.0050299484	0.029388696	-0.029271461	0.0020196186	0.016634194	-0.0032516324	0.0033006058	0.008481209	-0.061544403	-0.017011099	-0.050662674	0.0493615	0.010124885	-0.018253746	0.032445572	-0.041614294	-0.00069742603	0.042069525	0.0065460806	-0.014788304	-0.0060333405	0.009352137	-0.046546567	0.010773228	0.040056273	-0.014524858	-0.07911032	0.04155447	-0.07171842	0.018858016	-0.021127814	0.009847276
-0.046600904	-0.01687791	0.05817868	0.013112762	0.064737946	-0.05741656	0.018266292	-0.0040487004	0.039382298	-0.008657043	-0.01759265	-0.031109616	-0.059263628	-0.025561795	-0.0054522427	-0.038003635	0.013235795	0.0106501095	0.022504017	0.00681424	-0.04675287	0.062435865	-0.039511085	-0.028295053	-0.06128982	-0.0030452306	0.027326884	0.030153044	-0.06802709	-0.035001934	0.038406923	-0.026305856	-0.016663088	-0.030980367	0.032519385	-0.0075107464	0.04224687	0.028098544	-0.0055259382	-0.028983591	0.013718006	-0.03552842	0.04529383	0.015108842	-0.041029125	-0.06938456	-0.04103941	-0.00941431	0.055049647	-0.054987963	0.028786782	-0.058202412	0.02209941	0.06524021	0.022834506	0.020526513	-0.06199491	0.027394505	-0.020598952	-0.0038682346	0.053275455	-0.0693132	-0.019433804	0.031177074
0.009881526	0.070113435	-0.0016031027	-0.0177814	0.017817097	-0.05461673	-0.08593977	0.047344346	0.05514071	-0.014985088	0.070873424	-0.0049548335	-0.08081371	-0.07071248	-0.052613128	-0.035011522	-0.019506907	0.02814442	0.04705281	0.020869587	-0.01551872	-0.0073716515	-0.017032124	-0.034603987	-0.051517785	0.0075764395	-0.07365243	0.06625704	-0.042254094	-0.008192204	0.037314866	0.007839677	0.04525916	-0.027547715	0.049183834	-0.05416254	0.008655232	-0.030307695	0.0738787	-0.07446475	0.048085406	0.021329103	0.008772969	-0.07436289	-0.04108191	-0.028461855	-0.056462687	-0.0087656565	0.06829926	-0.020586343	0.09268815	-0.0472145	0.013170603	0.08158912	0.033116486	-0.047755104	-0.048557647	0.002158108	8.37748e-05	-0.057724576	0.090283394	-0.06919135	-0.08132576	0.0071180444
-0.09106042	0.076011315	0.005108946	-0.07079372	0.050751317	-0.08263884	-0.010934905	0.01670743	0.045786694	0.014281924	0.0041999514	-0.06264298	-0.060516946	-0.009339275	-0.07104895	-0.08337229	-0.05187756	-0.011594319	0.049176306	0.021689456	-0.03152301	-0.0061476952	-0.08970958	-0.06479236	-0.07116642	0.06470569	-0.046598855	0.050920907	-0.07417131	-0.030079726	0.012509253	-0.004376408	0.04216518	-0.02374591	0.07283409	-0.08369325	-0.007994382	-0.038641136	0.01483696	-0.03183907	0.011923808	0.027626585	0.057059832	-0.048868544	-0.03420573	-0.0659325	-0.048396092	-0.031348813	0.013840638	-0.08364517	0.01352298	-0.003537997	0.012490547	0.06352073	0.028660217	-0.0029072736	-0.017718619	-0.046957757	0.004694403	0.0066241324	0.014627766	-0.07424549	-0.05469599	0.06230517
-0.0198716	0.003424447	-0.020255767	0.020952258	-0.021302383	-0.0269499	-0.024048937	-0.03948165	-0.020637894	0.0056614573	-0.018633261	-0.0040013767	-0.02707672	0.06543065	0.04451777	0.06193049	0.047260765	-0.03393483	-0.032788556	0.010566518	0.062019892	-0.05237516	0.068478204	0.046377566	0.027941661	-0.05052589	0.03436607	0.0011644537	-0.008515	0.06276514	-0.03343958	-0.049234677	-0.02781512	0.05648651	-0.03720898	0.001023893	-0.04649852	0.012609395	-0.023045521	-0.019751841	-0.049280874	-0.070952676	-0.055752583	0.017084882	0.0110531915	-0.01378603	0.06680838	0.043376137	0.016404834	0.008864877	-0.059081502	-0.032160632	-0.061769877	-0.014988292	0.0075344844	0.06936727	-0.0019078135	0.0040938756	-0.0025956498	-0.025817946	-0.018613713	0.030152788	0.008584523	-0.030846968
0.08118112	-0.03024171	-0.082201056	0.09982328	-0.08805952	0.024539124	0.07548821	-0.04592988	-0.041974463	0.028032526	-0.036896486	0.0075219027	0.111189805	0.08710691	0.051776167	0.054987412	0.054085586	-0.09984522	-0.069088586	-0.02683761	0.036405027	-0.017110478	0.06620304	0.034431342	0.09528684	-0.047328293	0.018232487	-0.050345335	0.09463237	0.0076936446	-0.07362032	-0.10771871	-0.00026708626	0.08509614	-0.08607107	0.10695696	-0.044680744	0.010782655	-0.05788611	0.0538213	-0.019576287	-0.108660385	-0.054887403	0.07231668	-0.04310428	0.038184837	0.0055865212	0.05469498	-0.09864832	0.08210986	-0.060004264	0.026701294	-0.048612013	-0.042487517	-0.026151758	0.10713212	0.0125658065	0.040297613	-0.018183177	0.091076285	-0.06634588	0.07870122	0.05333223	-0.043868963
0.0070274184	0.054222595	0.010686796	0.015122186	0.013360223	-0.030258743	-0.02604277	0.025919491	-0.0122355865	-0.054251596	0.043282993	0.016008958	-0.03607897	9.426917e-05	-0.018549753	0.026495604	-0.044012364	0.050289813	-0.040264655	0.010896291	-0.042188328	-0.040439613	-0.038279608	0.026353842	-0.031720713	-0.031794816	0.027927535	-0.042696644	-0.039479975	-0.035486467	-0.009607054	-0.036963813	0.018173952	0.018093862	-0.0033908535	0.015090067	0.0421945	0.040443055	0.015286389	-0.029147983	0.00975688	0.018416006	-0.04279844	-0.043675967	0.009822371	-0.016048322	0.015884316	-0.05511947	0.007390921	0.008617963	0.030224264	-0.018332599	-0.020218123	-0.009263503	-0.004393782	-0.021941671	-0.022154331	-0.013240334	-0.0007893311	-0.047120437	-0.038955778	-0.049064502	0.011771281	0.012780192
0.08648231	-0.09431094	-0.02650361	0.0050811027	-0.043930545	0.104171135	0.0018029535	-0.080143064	-0.07590496	0.05035693	-0.012153258	0.06712087	0.07131295	0.06370382	0.044031557	0.04492115	0.009446644	-0.018062953	-0.02581676	-0.06398249	0.06984557	-0.08958858	0.111952886	0.09691546	0.045724083	-0.104769155	0.053413182	-0.03075922	0.015712898	0.071624346	-0.044905048	-0.08045122	-0.0744213	0.037563782	-0.08139476	0.084637225	-0.0754227	0.032181825	-0.050725766	0.030783165	-0.02629142	-0.08307392	-0.035540804	0.077321425	-0.03555584	0.09599066	0.018375458	0.051292367	-0.09132659	0.095440745	-0.042388707	0.07337949	-0.042222627	-0.108122416	-0.094613716	0.028371394	0.04133877	0.056558292	-0.01547295	0.016213015	-0.02609602	0.04269028	0.07636967	-0.022906985
0.03838225	0.0029909806	-0.039243307	-0.017100392	-0.0067372955	0.021279026	0.06278612	-0.052943718	-0.03938262	-0.0015806534	-0.025467983	-0.014755049	0.015398044	0.059545815	0.04861876	0.067655675	0.030217588	0.00630701	-0.062193945	0.02275631	-0.016610725	0.008892103	0.070532866	0.04479229	0.0052073216	-0.001152022	0.01227311	0.004983752	0.057147607	0.02712162	-0.060405277	-0.022711515	-0.034793425	0.030986838	0.016991923	0.04056803	-0.06927335	0.009149069	-0.07254415	0.02162132	0.024352185	0.012607671	-0.023373924	0.013595134	-0.07098275	0.03325476	0.06889004	0.049451657	-0.011025222	-0.041152056	0.019010212	-0.03812733	-0.06470672	-0.04366473	-0.054939166	0.049730677	0.07042756	0.03705924	-0.007292185	0.061882026	-0.053643096	-0.009894578	-0.0066044587	0.03396066
-0.03505107	-0.005220849	0.018475488	0.013354696	-0.032125805	-0.043805372	0.03945793	0.043457635	-0.02993217	0.003781027	-0.009465959	0.022842424	0.025880905	0.01734652	0.031909693	-0.05122802	0.03736602	0.025515145	-0.010505576	0.038377907	0.010959956	0.016846335	0.004356095	-0.01320718	-0.029529016	0.008917429	0.013052983	0.0097586475	-0.0069959275	-0.028255073	0.02999247	0.039318837	0.02160272	-0.049079213	0.016214205	-0.04628117	-0.033793714	0.02198452	0.008114128	0.041570332	0.030416736	-0.02408532	0.04552237	-0.00849906	-0.015114464	-0.020514298	-0.044083457	0.036631137	0.02758682	0.039179374	0.018520534	0.010469153	-0.02593429	0.0003656021	-0.043285444	-0.03260004	0.015860785	-0.025153836	-0.025301065	0.012199887	-0.043343704	-0.011010804	0.028670419	0.00737533
-0.036697026	-0.032479424	0.027995776	0.019619044	0.027383326	-0.026909664	0.03925084	0.044573087	-0.010162218	0.007243537	-0.031459037	-0.042739876	0.0055931634	-0.012281449	0.019124128	0.014472824	0.02898971	0.018648246	-0.015217667	0.037160646	-0.022020588	-0.028146064	-0.032896306	0.015163641	0.0243616	-0.012717894	-0.035136938	-0.028997324	-0.013124797	0.021343073	0.028660249	0.014894016	-0.01209274	0.045656048	0.044819754	-0.009488844	0.0058917603	-0.03874018	-0.0398507	0.042252652	-0.040280975	0.005577743	0.0353825	-0.013573463	-0.0033296663	0.03120854	-0.018985704	-0.027779477	-0.048088238	0.032335836	0.009627874	0.024528924	0.03974001	0.007085671	0.010481763	-0.006436293	0.01578995	0.049611695	0.024519356	-0.0035425671	-0.0229102	-0.042159166	0.03503789	0.005299049
0.0469256	0.034712434	-0.002649971	-0.0059512006	0.015258031	-0.027830962	0.015647933	-0.010390296	-0.017959673	0.021302817	0.01316703	-0.016070962	-0.013765551	0.018437037	-0.03981394	-0.03256158	-0.04093351	-0.04359111	0.0038543653	0.011741049	0.019300649	0.028591285	0.040042605	-0.020606274	0.0011399806	-0.013297666	0.01680349	-0.01653169	-0.05107467	0.03932254	0.003675095	-0.029416697	0.03494206	-0.018814491	0.0040303185	0.0032111453	0.0015546684	0.012877191	0.015050841	0.040733628	0.02877886	0.03646557	-0.015280462	-0.022416487	-0.010735047	0.055368394	0.021376338	0.003984136	-0.0053697536	-0.011337761	0.03316186	-0.004690948	0.01843932	-0.04245622	-0.02288167	0.03569928	-0.009888571	0.025223551	0.035167683	-0.02364417	0.025802204	-0.028928425	0.033192772	-0.029253336
0.016272184	-0.033795476	-0.005185863	-0.040312756	0.041648313	0.02564623	-0.054701228	-0.0051520127	0.013236875	0.036700305	-0.033288345	-0.015899513	0.020852815	0.010277072	-0.029371565	-0.047624715	-0.025779564	-0.03826198	-0.007891295	-0.015040809	-0.027406184	-0.037375122	-0.015124918	0.038946945	-0.057679217	-0.035785224	-0.012904427	-0.030515173	0.026051298	0.002151615	-0.029202657	-0.0051151435	0.016602753	-0.04682611	-0.00012334879	-0.017511813	0.013961628	0.0089128055	0.052312788	0.030579561	-0.026889296	-0.0279826	0.002603271	0.027319655	-0.017324438	-0.046436675	0.008220707	-0.052718844	0.033789348	0.0010652471	0.028188009	-0.046310663	0.010488764	-0.032224607	-0.03950045	-0.00034615453	-0.032266468	-0.026976865	-0.0026263809	-0.056030933	0.013808798	-0.031130841	0.0008562377	0.0003124803
-0.1513645	0.015423647	0.07851647	-0.03138633	0.02448084	-0.09943332	-0.10963861	0.07648646	0.09737684	-0.037431393	0.08550736	-0.058903992	-0.1386173	-0.11155283	-0.1272539	-0.052710414	-0.10072096	0.0062296134	0.089337096	0.13708478	-0.046902545	0.06775211	-0.080814645	-0.09418161	-0.1530063	0.119928256	-0.11966027	0.13512816	-0.13186829	-0.045585096	0.1141032	0.018555913	0.13085395	-0.05798682	0.11041512	-0.04817537	0.06365666	-0.13151518	0.06195563	-0.07415261	0.055286195	0.05335902	0.09901075	-0.037505448	-0.043813616	-0.099124044	-0.05005797	-0.06734293	0.09869086	-0.118188135	0.059100613	-0.15446576	0.12729107	0.14014296	0.047176383	-0.12723996	-0.0894019	-0.09297001	0.10245799	-0.11583708	0.07826476	-0.054949425	-0.0683421	0.13087378
0.017244278	-0.05053632	0.04725029	-0.018369501	0.008776167	-0.04408546	0.05190085	-0.018359303	-0.028402759	0.042929363	-0.0020870448	-0.003888205	-0.003914902	0.0005660611	0.033224005	-0.024311868	0.043077298	-0.034639064	0.015803289	-0.036484532	-0.047043722	0.0387339	0.00655663	-0.026395239	0.04251436	-0.017462792	-0.043303058	-0.043251716	-0.0039554336	-0.015083355	-0.030296141	-0.0021197095	0.04318174	0.04898988	0.015440231	0.015723914	0.0094600925	-0.018678926	-0.019072978	0.038581844	0.0040820064	-0.033142608	-0.006884243	8.3158164e-05	-0.034825463	-0.022557603	-0.007854472	0.011633874	-0.050438795	-0.047544427	0.00046747117	0.018036723	-0.037695892	0.03689935	-0.0071070343	-0.019323345	-0.042933445	0.017495653	0.04098559	0.03749968	0.024925472	0.03747252	0.0054633925	0.036555126
0.02145869	-0.02404637	0.004603856	-0.026141493	0.0019080495	0.0077777104	-0.035351407	0.056386646	0.015448362	0.027921708	-0.036048964	0.019759579	-0.024712468	-0.045946226	-0.059279677	0.030234376	-0.01029223	-0.01431751	0.045752965	-0.0021824322	-0.034985192	0.036406152	-0.053441614	-0.032095138	0.032067705	0.058762502	0.027607953	-0.045945928	-0.04156744	0.020562386	-0.03181847	-0.025058817	0.040440954	-0.022810146	-0.0027580285	0.010473005	0.034929764	-0.017219039	0.058913745	0.030927299	-0.018244842	0.022343086	-0.009273624	0.03174928	0.006545205	-0.03181514	0.008852206	-0.04698686	-0.011610484	0.021802573	0.024951136	-0.051741254	-0.017861435	0.038166404	0.04771469	-0.00978901	-0.0076473667	0.025458796	-0.004854711	-0.0076083657	-0.007770642	0.0034399054	-0.013625564	0.008466355
-0.05367591	0.02664104	0.043317426	-0.031409565	-0.01872105	-0.042475432	-0.05116455	0.04668043	0.025372175	-0.067397974	0.024929391	-0.011404314	-0.067389995	-0.03191307	-0.040004663	-0.04751566	-0.042377077	0.027455201	0.013765013	0.036981225	-0.011741067	0.017491497	-0.062450547	-0.044328406	-0.065514386	0.06579306	0.017849524	0.055913128	-0.025927387	-0.02111488	0.05005501	0.027896129	0.01398037	-0.068227254	0.005083815	-0.011686389	0.044606954	-0.018059295	0.05351821	0.019031625	0.05199301	0.014086342	0.022198975	-0.03998986	-0.071468346	-0.04340265	-0.000888407	-0.06705696	0.021511236	0.013298528	0.047729157	-0.010589559	0.009587132	0.045556575	0.01909008	-0.047311954	0.017108463	-0.040579658	0.07263545	-0.008472459	0.06249995	-0.07099759	-0.075950734	0.05941625
-0.0007324786	-0.0077502877	-0.0033545184	-0.025243215	0.03006238	0.0035966607	0.02064828	0.06371081	-0.007023449	0.018280089	0.014878136	-0.038390484	0.029865934	-0.048745632	-0.054526612	-0.0359327	0.008608692	0.05727228	0.0004767984	-0.011129393	0.03441564	0.02056185	-0.007172778	-0.025184901	0.0057867807	-0.012575166	-0.03090138	-0.04526647	-0.029363103	-0.025661087	0.017854791	0.013799327	0.049982313	-0.024092603	0.015059458	-0.0057418793	0.015300463	0.008615131	-0.024678666	0.036270797	-0.010151638	0.030721057	0.0011904802	-0.022483079	0.02914606	0.020538224	-0.010403242	-0.038262103	-0.014365143	0.010571361	-0.020154586	-0.049419437	0.04230761	0.0016752903	-0.029833501	-0.039522618	-0.018509002	-0.0014733288	0.014425129	-0.027591709	0.033380486	-0.018102588	-0.042994272	-0.024539515
0.085523464	-0.037934918	-0.05556822	0.09579839	-0.029808762	0.018481933	0.029329995	-0.08905058	-0.03126756	0.100830525	-0.043448202	0.054824606	0.08435465	0.06777294	0.036757696	0.008586458	0.06959193	-0.10114192	-0.020934595	-0.050567586	0.0095346635	-0.04421201	0.028532756	0.09789217	0.040613975	-0.040918693	0.023815231	-0.04523776	0.018661741	0.04479413	-0.09282032	-0.059746902	-0.10715325	0.023717016	-0.024671817	0.087268785	-0.08990358	0.085137255	-0.10466098	0.045983944	-0.026609994	-0.041068856	-0.01007952	0.060448274	-0.06676629	0.081439205	0.02734159	0.10615589	-0.03923406	0.054341726	-0.075006895	0.056040782	-0.09448978	-0.016319087	-0.09852363	0.051553056	0.1000376	0.04355325	-0.0013245773	0.03412874	-0.0997552	0.025142314	0.019303558	-0.044823147
0.037246577	0.012773788	-0.018929021	0.022366192	-0.016138919	0.044352762	-0.016978966	0.0427609	-0.047174558	-0.024984298	0.036830995	-0.0024557423	0.03422454	0.029537724	-0.018905612	-0.03400092	0.049738128	-0.033955943	-0.04470201	-0.011602116	-0.049315386	-0.005914239	0.04099904	0.0088831475	0.04015908	-0.040199496	0.04973533	0.01319188	0.018611344	-0.016208375	0.026260423	0.024331652	-0.023977699	-0.014085937	-0.03712648	-0.0038791636	0.04177033	-0.007631677	-0.00082978787	0.03952256	0.017202934	-0.047353413	0.019019755	0.019864421	-0.052152563	-0.02698315	-0.021138305	0.026553221	0.0015687629	-0.044450264	0.0022683002	-0.04500804	0.014953208	0.012705867	0.010330496	0.011322191	0.04191783	-0.014993101	-0.023248797	-0.03894554	-0.029942868	0.041865345	0.030042749	0.041398965
-0.015082221	-0.019584227	0.022531949	0.042124584	0.044413876	-0.016972732	0.007918781	-0.041933835	-0.03524054	0.056240395	-0.05750684	0.055935465	-0.009818438	-0.009727619	0.0036750485	0.0126032485	0.005357249	0.03390395	-0.005180419	-0.0649994	0.022853257	0.020757498	0.06318989	0.012872215	-0.019661529	-0.023823462	0.059200373	0.015024007	-0.020946302	-0.022808714	0.0040336126	-0.044341523	0.03117402	0.042288035	-0.01314136	-0.005100336	-0.05617224	0.050757777	-0.05261018	0.035368998	-0.03549787	0.0034717587	-0.0028949108	0.008359574	-0.013496385	0.040452924	0.045669105	-0.017048575	-0.03368237	0.036284022	0.030005122	-0.004030814	-0.022880597	-0.00033564027	0.006441346	-0.0011160484	-0.006971539	-0.016236898	0.004171645	0.00049983704	0.03959813	0.015416486	-0.02450886	-0.015049643
-0.035872832	0.02982349	-0.011585695	-0.03959499	-0.010230706	-0.034096714	-0.04341181	0.021030234	0.0011909214	0.013077406	0.0064174803	-0.043161537	-0.06714387	-0.06651065	-0.0037521226	-0.028596368	0.014744423	0.029954322	-0.00085899147	0.051924672	0.013989316	0.036046743	-0.054562606	-0.040184014	0.014583981	-0.0065271114	-0.047502123	-0.004781076	0.013077671	-0.003658482	0.049399845	0.027323417	-0.011657748	-0.059839837	0.0028349392	-0.022636548	-0.0034202146	-0.056877553	-0.02050804	-0.016572656	0.029754926	0.054533277	0.029175248	-0.03089727	-0.002036598	0.014839294	-0.03003197	0.020130936	0.019253857	-0.019569283	0.0077764434	-0.005373511	0.05575531	0.036745757	0.027295582	-0.01833793	-0.005215259	-0.026242876	0.048918746	-0.02811833	0.022885729	-0.005996433	0.02973243	-0.014019511
0.067252494	-0.065935925	-0.1176588	0.024206944	-0.083553985	0.11192021	0.023814283	-0.07033931	-0.078847036	0.063703336	-0.08515366	0.067993835	0.09352874	0.062335864	0.05361527	0.05435732	0.05467878	-0.07543287	-0.035038788	-0.06865264	0.05592522	-0.047326084	0.11800658	0.06349399	0.038392216	-0.106545225	0.04253173	-0.080832094	0.09918769	0.062226575	-0.10233076	-0.06312558	-0.07747164	0.095970936	-0.097584754	0.11829235	-0.09757164	0.07908682	-0.0475282	0.022260357	-0.07498858	-0.11743784	-0.120855995	0.10910991	-0.090536445	0.04903149	0.073380485	0.119064845	-0.11570637	0.051448	-0.06256014	0.11668098	-0.065666445	-0.029153403	-0.040515225	0.124866284	0.07613279	0.036331844	-0.017305018	0.04342205	-0.08954835	0.047100745	0.044259973	-0.08241756
-0.10661028	0.053920116	0.03336202	-0.048599824	0.08919014	-0.0691906	-0.07206855	0.110130005	0.11330328	-0.063384205	0.091976844	-0.0604258	-0.100727655	-0.10139766	-0.06963109	-0.13278417	-0.10707955	0.0017032315	0.08603175	0.113573045	-0.027447855	0.11224247	-0.08289167	-0.112621106	-0.1403688	0.06421742	-0.030998807	0.15205948	-0.054595686	-0.037344273	0.061102897	0.073491134	0.07028924	-0.086173415	0.12553449	-0.046473194	0.07121214	-0.09867388	0.07072852	-0.0007707717	0.12082577	0.09566162	0.10929461	-0.05328802	-0.04760404	-0.037822913	-0.07254807	-0.091445014	0.09652109	-0.13990827	0.092120945	-0.10651248	0.10856017	0.074744366	0.09793242	-0.12383974	-0.038657896	-0.13248645	0.13533193	-0.072972134	0.086136885	-0.12187945	-0.06543576	0.12552433
0.0073481863	0.027208267	-0.028446607	-0.03174924	-0.023740016	0.001735555	-0.036534414	0.049498357	0.04823198	0.0041182707	0.043018162	-0.00073839264	-0.06415755	-0.05614375	0.022793291	0.01628565	-0.0053047175	-0.02922945	0.021204332	-0.029191922	-0.05778488	-0.018791113	-0.05450452	0.024080936	0.011174776	0.01769092	-0.04875173	0.029624544	-0.0001723022	0.012684309	-0.02561513	0.023543159	0.05473498	0.0026648585	0.00080894126	-0.052810263	-0.013046579	-0.0052232207	-0.03423553	0.009720374	0.0020769122	0.04562913	0.061481934	-0.024052333	-0.034036145	-0.0051817014	-0.031297565	-0.056280077	0.028940115	-0.015197489	0.0393403	-0.030441962	0.05878194	0.027276842	0.019605102	0.033046823	0.02609187	-0.022808326	-0.032656107	-0.010924197	0.03792977	-0.06454957	0.008090236	-0.017067442
0.05978813	-0.0011685812	-0.038338933	0.068204254	-0.079889335	0.025355753	0.023173911	-0.022145871	-0.0029098906	-0.011346699	-0.06723142	0.045625024	-0.01187026	0.047392428	0.009570145	0.00031386537	0.005212555	0.0035472782	-0.017439581	-0.07054284	-0.01859362	-0.024518482	0.070120275	0.054292765	0.02163689	-0.009741695	-0.005805502	0.0057142717	-0.018593168	0.051804684	0.00131724	-0.08227416	0.010893973	0.07177979	-0.07696367	0.010317694	-0.065191165	0.014139385	-0.060934935	0.015704243	-0.011239598	-0.019684024	-0.029533068	-0.0011129993	-0.01347573	-0.0018649759	0.06254844	0.07244349	-0.00083049614	0.063669756	0.01717607	0.010547582	-0.03460886	0.0043578544	-0.04787821	0.08093521	0.050133284	-0.008525554	-0.0045917914	0.013218708	-0.06614455	0.06129065	0.0453139	-0.06013548
-0.0018970893	-0.010497236	0.0650489	-0.01689609	0.025386594	0.00034124317	0.003428821	-0.015359696	0.06394745	-0.041893564	0.05227118	-0.020617535	0.014803256	-0.05601521	0.005585286	0.020877803	-0.031924643	0.009076622	-0.022652218	0.010858488	-0.014458883	0.053004637	-0.017257221	-0.052420877	0.02558554	0.022415215	-0.028532144	0.051478308	-0.06595868	-0.04274672	0.041397717	0.059211902	0.062034547	-0.032755725	0.03896793	-0.05979651	0.020001123	-0.007168969	0.019527538	-0.04009075	-0.014381748	0.054448564	0.025441937	0.012755873	-0.06254682	0.0013478873	-0.04640503	0.026420424	0.03705026	-0.060749076	0.06263143	-0.023086518	0.005389116	0.050682507	0.040255133	-0.06803649	-0.047855273	0.015780099	0.021076761	0.0010220751	0.04526031	0.025918651	-0.041645225	-0.008500077
0.019704586	0.022868646	-0.024718374	-0.044988323	0.00898614	0.036735192	0.008402666	0.041153457	0.06286982	-0.04094598	-0.021341283	0.029216303	0.02724291	-0.011543985	-0.046996303	-0.037161436	-0.051719595	0.039018784	0.00075628137	-0.015099711	-0.032060243	0.02959042	-0.0068390295	-0.024484413	-0.014600986	0.033408973	0.018849546	0.015795184	-0.054875262	0.033628266	-0.034580495	0.053967346	-0.030248629	-0.021241883	0.026290193	-0.044507883	0.058670558	-0.058262397	0.066643834	-0.01883135	0.044470403	-0.006125003	-0.031224886	0.013952924	-0.020029694	-0.021339718	-0.013332197	-0.0066145854	0.0012208032	-0.019581005	0.020089874	0.012978707	0.016995206	0.063163504	0.042943694	0.030344578	-0.012037092	0.025826339	-0.007637336	0.015558042	0.06512833	-0.04786581	-0.025133498	0.031264275
0.007004734	0.05830206	0.024109973	0.0008923335	0.061534446	0.019792661	0.01378138	-0.03175707	0.009685393	-0.02996102	0.047847826	-0.039777566	-0.060440987	0.023514688	0.033975344	-0.010585023	0.025681572	-0.008928448	0.016022183	0.0028410829	0.037161678	-0.0135587305	-0.04936481	0.0014777281	-0.018077325	0.04033667	-0.0010512493	-0.0061043776	-0.007970949	-0.031553395	-0.03798271	0.0007349931	0.04245831	-0.008742532	0.03635857	-0.05228085	-0.029908193	-0.016974326	-0.01232745	-0.044680737	0.06370937	0.008811203	0.021059101	-0.035280284	0.029447725	-0.05698865	-0.028085925	-0.001175343	0.040629983	-0.049009494	0.02311553	0.02832718	0.027294625	-0.008709907	0.025076821	-7.952953e-06	-0.04738875	0.017758856	0.036223903	-0.033448126	0.03382595	-0.014262386	0.022856418	0.0446963
0.044266067	-0.0009686034	-0.030508334	-0.042771142	0.05728066	0.023096139	-0.03954369	0.024787026	-0.036341846	0.011516996	-0.018277945	0.004997196	-0.054645132	-0.011153995	-0.032912973	-0.04459071	-0.04961863	0.016136678	0.04461631	0.011860619	-0.0053459015	-0.02092168	-0.009295168	-0.03450476	0.009459601	0.011441313	-0.016424105	-0.014068412	-0.04473442	-0.029557912	-0.034786135	-0.019888392	-0.0047133453	0.0049932497	0.04625596	0.041626662	0.043202374	-0.03397939	0.0017227406	0.021767518	-0.0012198574	-0.04550652	0.040111106	-0.041574426	-0.058440495	0.017009398	0.033083055	0.02436062	-0.01275308	-0.056037698	0.05535954	-0.029273158	-0.014931495	0.028904524	-0.035892542	-0.027402295	-0.050129216	-0.0361349	-0.0037975833	0.039121132	-0.020743866	-0.040806424	0.0037654517	-0.021533111
-0.012937643	-0.012388312	-0.018986542	0.042890307	0.046939667	0.050068557	-0.02321594	-0.041206483	0.048997644	-0.00013647084	-0.020970888	-0.0024444014	-0.041763112	0.04102148	-0.0061111883	0.001569748	0.0040096967	0.047339424	-0.03307427	0.03370347	-0.008463224	-0.002387529	0.05100091	0.036005676	0.019426359	0.007980799	-0.037213728	0.03928491	-0.04050632	-0.035337046	-0.02916252	-0.045338467	0.030352931	-0.012469384	0.0052948715	-0.0199177	-0.02834694	0.022916038	-0.025840547	-0.007348176	-0.04699733	-0.042375114	0.043895073	0.05041558	-0.01519587	0.010720015	0.0484528	0.039920513	-0.010636711	0.022104604	0.003607585	-0.038017973	0.004945723	0.020781035	-0.0035016236	-0.018317081	0.010296092	-0.016973067	0.032938752	0.022144556	0.0476647	-0.030818682	-0.029283227	0.020281833
0.052263837	0.013835681	-0.037793934	-0.019384515	-0.04188261	0.0005859244	0.0067776428	-0.042377762	0.035472933	0.04763968	-0.005964179	0.035761617	-0.002567412	0.004123353	-0.027326383	0.047414847	-0.011845895	-0.01440507	-0.007263382	-0.030005114	-0.025311533	0.031801913	0.0064095673	0.038622063	-0.042360455	-0.04436208	-0.01757444	0.026138384	0.03142252	0.01161808	-0.031237038	-0.00025020697	-0.048853047	-0.025072059	0.03389057	-0.030965725	-0.00789523	0.011478224	0.025761971	0.0048226006	0.043645743	-0.050028816	-0.034904663	0.011646054	-0.05749121	-0.038114674	-0.012357681	-0.0007673577	-0.044486694	-0.012190819	0.031220796	0.052840278	-0.02039023	0.012323036	-0.03545871	-0.037286133	-0.025775738	-0.02367347	-0.04237451	-0.0017958177	0.046949465	-0.003337319	0.045840606	-0.030762572
0.0025313494	-0.052750036	-0.05897053	0.03468759	-0.08643644	0.062903136	0.0470198	0.018361887	-0.019532176	0.017080516	-0.017989643	0.023840565	0.034456603	0.047481958	0.075572066	0.037003644	0.05249333	-0.017551782	-0.03327105	-0.01289056	-0.0076515377	0.008613083	0.030672623	0.042597674	0.015474032	-0.0017128519	0.025655294	-0.068722226	-0.0026340808	0.03692115	-0.023039266	-0.10140663	-0.04260795	0.036380533	0.0026868826	0.061574697	-0.09071188	0.01316081	0.0015961995	0.01606485	0.021013236	-0.06301035	0.006197813	0.07158395	-0.0017449289	0.07431314	0.023131045	0.02588933	-0.026618427	0.0031543735	-0.01998481	0.038340755	-0.0056235236	-0.026360586	0.0045232275	0.04295967	0.00067651673	0.031451456	-0.0171646	0.011903293	-0.08832192	0.04758216	0.04298957	-0.006318231
-0.015391189	-0.035760507	-0.02566239	0.0302666	-0.04063256	-0.03182939	0.04196431	0.008241793	-0.04297548	-0.018282305	-0.015294359	0.055105068	0.04792777	0.058561556	0.0022125181	-0.020959308	0.01810287	0.017766315	-0.049905714	0.006630201	0.06083192	0.021572163	-0.008521391	-0.0010728027	-0.0029054494	-0.00945787	0.057409886	-0.00039790355	0.04665826	0.04424224	0.01374917	-0.06456249	-0.037484173	0.050990097	0.029158462	0.00023539344	0.0040212777	-0.011292532	-0.054938037	0.012837943	-0.03984533	-0.029099006	0.0020597281	0.03593597	-0.02850192	0.04917551	-0.033884138	0.054781877	0.03170157	-0.03137276	-0.061352078	-0.02461172	-0.012227328	0.028592074	0.039891474	0.0037825748	0.050644968	0.0006663877	-0.016391307	0.033501353	0.034445256	0.045850564	0.05288733	0.023522368
-0.027547194	0.028564136	0.06585594	-0.02136866	0.047585685	-0.0010376727	-0.091116145	0.06142213	0.025997322	-0.046910297	0.043445554	0.0031177336	-0.055546276	-0.001318366	0.002224526	-0.011482963	-0.03266197	0.0022625169	0.051842373	0.00039392582	-0.012142726	0.06802416	-0.039742988	0.0033734262	-0.08413265	0.034478005	0.018785184	0.021051329	-0.029472724	-0.069669425	0.019591479	0.029114889	0.010600292	-0.057288136	-0.0037469657	-0.06561239	0.07225591	-0.07255688	0.042376373	-0.035071198	0.07052019	0.0013687444	0.06326409	-0.05890652	-0.04379493	-0.052826207	-0.026009899	0.011437054	0.02828802	-0.013867379	0.06644845	-0.055573765	0.060445257	0.020445684	0.015933195	-0.06463972	-0.026782285	-0.058679745	0.04699985	0.0060358397	0.03471688	-0.06002639	-0.011968072	0.036197495
-0.0071067424	0.07606427	-0.005755503	0.012007167	0.06520139	-0.054352585	-0.0870233	0.035393886	0.050307874	0.019810712	0.019756867	-0.057241	-0.08435273	-0.08281055	-0.032724116	-0.04564161	-0.049150806	-0.0058680926	0.008874023	0.058580652	0.009737666	-0.0015263337	-0.09329491	-0.061759904	-0.07555702	0.0380947	-0.02371761	0.054533333	-0.058607627	-0.014288365	-0.013339422	0.016833864	0.048286922	-0.036513504	0.055456173	-0.07056946	0.0060420292	-0.0013883875	0.05915107	-0.044632256	-0.0011287032	0.040963292	-0.003984029	0.009676041	-0.032852337	-0.0523402	0.011465927	-0.06456493	0.0032535545	-0.09358785	0.059384026	-0.011757802	0.04567471	0.0021071183	0.07141311	-0.027439857	-0.013853568	-0.03166994	0.0723639	0.00043398442	0.03103565	-0.013587173	-0.017768154	0.0778198
0.029978165	-0.055474937	-0.028745234	0.057353884	-0.0358242	-0.018270442	-0.028891865	-0.012007014	0.017437633	0.030833228	-0.014839446	0.03769724	0.0023956806	0.025115933	-0.021658408	-0.015192859	0.043661643	0.009183139	0.01199696	-0.062160168	-0.009070915	0.003111812	0.02373209	0.038594946	0.0100245075	-0.029129628	0.059372544	0.02437977	0.05796434	-0.037854444	-0.043864008	-0.0009497101	0.028245043	0.035145447	0.0025244716	-0.004115788	-0.034382295	0.0044750674	0.024949308	0.010677213	-0.024198795	-0.05247461	0.01967937	0.04826038	0.019872477	0.034669697	0.02236282	0.012747027	0.0049029393	0.03293547	-0.042451844	-0.025557559	-0.021680664	-0.01959198	0.024834445	-0.022838613	0.028046189	0.061376516	0.009087869	0.015931724	-0.054405417	0.05121016	-0.014239051	-0.020605594
-0.028716141	0.01964755	0.0038673093	-0.047249593	0.075004436	-0.06598835	0.01865854	0.059160147	0.0032851286	-0.0078089396	0.043670557	-0.003270947	0.014745608	0.0018722293	0.01271729	-0.038032047	-0.015836155	0.0487472	0.015657542	0.0555134	-0.049057372	-0.009753849	-0.05489613	0.011744714	-0.0003967275	0.02242185	-0.0062506273	-0.032462496	-0.045771725	-0.002803477	0.024547094	0.0075155133	-0.032550793	0.016572064	0.015971977	0.020422844	-0.02226446	-0.013306846	0.043561246	-0.06448959	0.031201262	-0.011032293	0.024519466	-0.0008641005	-0.016296053	-0.017730173	-0.055637933	-0.030701796	-0.0070719053	0.007134968	0.038280945	-0.028447686	-0.01840882	0.050759777	0.032903593	0.0042717517	-0.022213673	-0.0690846	-0.016161894	0.014333564	0.054991648	-0.007924685	0.012366261	-0.00020152147
-0.014333927	-0.007345265	-0.015307135	0.001845213	0.036000583	-0.029715743	-0.06677855	0.05052547	-0.020146081	0.008605507	0.055821013	-0.019616082	-0.06858252	-0.07679584	-0.012314984	-0.009725735	0.012398494	-0.024930144	0.012942076	0.064334884	-0.056682073	0.0065092663	-0.06312975	-0.035716776	-0.01953402	0.024049394	-0.02453241	0.047204204	-0.051869582	-0.04050213	-0.015522508	0.038234778	0.05368231	0.013769104	0.033583395	-0.02392348	0.072844386	-0.015620409	0.061198957	-0.021488475	0.06163	0.01909513	0.029585017	-0.022187911	-0.0075357035	-0.045474466	0.0001034964	-0.0276752	0.010015817	0.0012383469	0.056868374	0.0041269967	0.0049783005	0.04749144	0.01860646	0.012435621	-0.058728978	-0.054373275	0.046240453	-0.039333608	0.08102866	-0.052745465	-0.073644765	-0.01800093
0.028292917	-0.0013719426	0.04323567	0.028675525	-0.0058968654	-0.01174227	-0.018220546	-0.00066196144	0.040764123	-0.016863244	-0.019808713	-0.052906673	0.005860542	-0.038487196	0.028905444	-0.028722515	0.038044907	-0.0013097516	0.04612222	-0.026929097	-0.019872786	0.009512643	-0.022203319	-0.049656335	0.027385138	0.012025793	0.041078445	-0.036471035	0.03759484	0.039366905	-0.016998947	-0.040334333	0.025117148	0.010821955	-0.019157585	0.032864735	0.01839075	-0.039440423	-0.0015613302	-0.008316155	-0.028611638	0.022981508	-0.040848833	0.041206017	-0.03397735	-0.033914316	-0.052823413	-0.024366664	0.054621298	0.010240091	0.03660541	-0.010671167	-0.027362334	0.020245133	0.02879649	-0.049735766	-0.014019843	-0.0012980143	0.045234244	-0.050165314	0.021893058	0.005725362	0.016934853	-0.004617033
0.09966511	-0.027193174	-0.02691733	0.010633453	-0.045448683	0.07204601	0.04802826	-0.08087307	-0.08259039	0.0794053	-0.06804753	0.08073802	0.06807339	0.015758948	0.10228523	0.059284233	0.08251728	-0.014673073	-0.09761117	-0.09044751	0.01622787	-0.017025547	0.105388574	0.07011813	0.004290235	-0.033858	0.09414564	-0.07762474	0.05684487	0.07312492	-0.06641645	-0.022332188	-0.07527306	0.06180746	-0.042801734	0.012704444	-0.06841015	0.09921134	-0.0428483	0.04588722	-0.027025763	-0.031053148	-0.0072474815	0.0038571546	-0.016016852	0.045604825	0.03580398	0.02977747	-0.09375975	0.07128131	-0.09994494	0.102925755	-0.063692115	-0.031480692	-0.09596709	0.09820707	0.06273182	0.04867476	-0.0115631595	0.050196923	-0.0509504	0.028984465	0.059784066	-0.018649222
0.02695634	-0.036618754	0.035999045	0.047137074	-0.016950605	-0.030872095	-0.022815043	0.047235925	-0.020214036	-0.024277134	-0.022811528	-0.025371725	-0.020682722	0.034651224	-0.035477173	-0.0279776	-0.0016713626	-0.045152076	0.037184484	-0.03634325	-0.00012090888	-0.046073597	-0.039317798	0.028773816	-0.009308044	-0.02952562	0.00045310654	0.023333846	0.04715781	0.047172222	0.029343002	-0.034463495	-0.008228575	-0.008417877	-0.014270086	0.0004282081	-0.009168139	-0.024550157	-0.02134181	0.03154896	0.00402627	-0.047865357	0.026281876	-0.020298684	-0.0138322115	0.021786947	0.040684626	0.0525449	-0.01442557	0.010412748	-0.029863065	0.013274217	0.0030284773	-0.04596427	0.007382584	-0.022629108	-0.009131489	0.034007885	-0.009385051	0.0017179131	0.027480116	-0.038182292	0.0139756175	0.004456363
-0.008896985	-0.010582594	0.0068980735	0.067301825	0.014467518	0.026435	0.0017508274	-0.04920793	-0.009976455	0.020983519	0.01786959	-0.014332021	-0.02708387	-0.018911023	-0.01728161	0.053595882	0.05501665	-0.04653074	-0.0028825754	-0.061479814	0.03417455	-0.047964163	0.06263266	0.06410436	-0.01749098	0.007830278	0.037683524	-0.06806626	0.062382996	-0.006172352	-0.05571061	0.007864808	-0.060649972	0.029622367	0.0080376845	0.04683834	-0.06916501	0.00061959965	-0.004094307	0.0068815583	-0.02834056	0.023292808	0.011564818	-0.021875063	-0.019589067	0.0059898105	0.061784834	0.06677632	0.023400499	-0.01468833	-0.014685794	0.06958061	-0.06870469	-0.0027123604	0.016298441	-0.008213267	0.026182046	0.034955416	0.00303971	-0.023053028	-0.03012103	0.007764499	0.07129429	-0.016277462
0.04544927	-0.023391733	-0.072605476	0.004929299	-0.013074867	0.024270121	0.102812655	-0.015882704	-0.047213912	0.026907396	-0.074667595	0.08858049	0.07058148	0.023525417	0.05950772	0.08954141	0.0979058	-0.070819095	-0.07719961	-0.047740605	0.057629187	-0.1032387	0.016219802	0.10786955	0.035164133	-0.025684701	0.057134096	-0.025714014	0.0053884895	0.050283454	-0.09524389	-0.0521715	-0.025557987	0.087810025	-0.09774134	0.036983706	-0.10576566	0.022582673	-0.041079093	0.055802092	-0.051607333	-0.0592772	-0.07556396	0.016870728	-0.04073392	0.036315165	0.013296909	0.069929175	-0.086910866	0.031214423	-0.07868643	0.022296438	-0.09774393	-0.095383175	-0.09499027	0.085842565	0.021843206	0.020328693	0.026562136	0.1004288	-0.039886296	0.0042654425	0.053367265	-0.057176847
-0.017540054	0.012282913	-0.0043445835	0.013275503	0.050083008	0.011587832	-0.0060084714	0.015927281	0.004120318	-0.060715437	-0.03520635	0.03016936	-0.007052201	0.012472132	-0.032897577	0.026695324	-0.05806556	0.037549704	0.053154565	0.01025401	-0.03317503	0.017663201	-0.037829503	0.0048683304	-0.047229003	0.01669855	-0.049727533	0.033031084	-0.049135216	0.02704212	-0.01609648	-0.0059132	-0.03324118	-0.05102153	-0.008328624	0.031192461	0.0053069317	0.009386678	0.04453597	0.03201199	0.02832529	0.059686072	0.036342278	0.012716426	-0.03816587	0.03546382	0.02614882	0.02977282	-0.021096094	-0.058556583	0.03463451	-0.04258011	-0.03656936	0.04453994	0.0099484855	0.01070305	0.0076417113	-0.021291416	0.015806835	-0.026376585	0.010910385	-0.040896345	0.027694646	0.050409675
-0.022335045	-0.012809337	-4.0112725e-05	-0.07247178	0.020289935	-0.017523814	-0.02840109	0.050103754	0.06954861	-0.01835313	-0.007115856	-0.011328698	-0.003020076	-0.04141106	-0.057834756	-0.056473866	-0.018801017	-0.007568804	0.028993018	0.06806823	-0.068952546	0.06387221	-0.077074595	-0.05454007	-0.012290003	0.051341727	-0.028161518	0.023865597	-0.055030003	0.013492394	0.03572829	-0.02869082	0.05391331	-0.061991304	-0.010460728	0.0076596546	-0.0022966708	0.007086819	0.07808582	-0.00085079746	0.05478673	0.07183826	0.04678933	-0.0320317	-0.081735194	-0.03950807	0.028935548	0.005676681	0.07077599	-0.07518238	0.07929643	-0.05655795	0.06573319	0.005062516	0.04427356	-0.039790694	-0.07037407	-0.078421906	0.0019111538	-0.070869006	0.060185455	-0.0071657454	-0.068138756	-0.006274924
0.028773684	-0.050542444	-0.042706165	0.03990626	0.027315645	0.06433119	0.060469992	-0.0031001	-0.0065952777	0.025423795	-0.041229278	0.010667927	-0.014556853	0.050607096	0.06295792	0.0053531555	-0.011703204	-0.012142508	-0.059716985	0.0064200438	0.030450935	-0.0063276566	2.7057815e-05	-0.009422742	0.05814573	-0.050477482	0.0110852625	-0.07270107	0.054445226	0.009828893	-0.05304111	-0.03619442	-0.037822973	-0.00762597	-0.048186738	-0.016590867	-0.04898484	-0.020211032	-0.014368144	0.059141837	-0.04268144	-0.051272508	-0.0054181702	0.028266825	-0.002115687	0.032145973	0.03313493	0.0067650997	0.0010704943	-0.018947225	-0.005879482	0.042464577	-0.02042392	-0.051457535	-0.05604469	0.058029737	-0.026490994	0.043864485	-0.058960177	0.024710549	-0.023173504	-0.01368171	0.032401495	-0.040589232
0.06477918	-4.8782214e-05	-0.015861945	0.004467565	-0.041502297	-0.006702523	0.04622049	0.023230592	-0.029999612	0.03798115	-0.05309363	0.010295086	-0.0220895	0.041153777	0.05188702	-0.0075424924	-0.011379218	-0.0039101243	-0.002952016	-0.062280726	-0.016729517	-0.019973954	0.041171204	0.06529456	0.05980306	-0.061110727	0.029487222	0.0229833	0.001909167	-0.0016122238	-0.0741808	-0.072600774	-0.034528915	-0.016312981	-0.03063346	0.056434877	-0.012281483	-0.025903564	-0.024181314	0.0050973715	-0.032753732	-0.043181717	-0.015263132	-0.021513788	-0.025855014	0.07018585	-0.0125632435	0.06745342	-0.052046556	0.049289215	-0.07231248	0.031029165	-0.05461945	0.012156097	-0.03193029	0.05259988	-0.01318369	0.04094428	-0.024454178	0.01184951	-0.0021927916	0.018563086	0.015525949	-0.01119431
0.09220158	-0.023890397	-0.037877623	0.03670992	-0.07185893	0.080739394	0.07324583	-0.010753415	-0.08113417	0.0055965413	-0.04746314	-0.00539761	0.076399736	0.031390954	0.0134091	0.046662178	0.085533105	-0.067061864	-0.07677586	-0.08510619	0.010750436	-0.06450681	0.095082484	0.06363438	-0.0027472808	-0.017198129	0.050941117	-0.027484015	-0.0052973484	0.0671536	-0.069298275	-0.008657954	-0.037579212	-0.00633521	-0.040531028	0.004280417	-0.09020597	0.0751734	0.0033601094	0.07683474	-0.09067006	-0.058068734	-0.076992996	0.050564926	0.00065131503	0.07389109	0.064884365	0.011015799	-0.06734424	0.053827997	-0.07547681	0.091349915	-0.058994934	-0.08220888	-0.07335837	0.08994989	0.079796866	0.08810076	0.0094636725	0.003907381	-0.08072303	-0.005870771	0.0029916666	-0.045692965
-0.07147393	-0.0047972985	0.05457866	-6.350447e-05	0.04710236	-0.083692454	-0.07159725	0.08159001	0.07076661	-0.017171564	0.03786524	-0.0062688733	-0.086918265	-0.07778334	-0.04485095	-0.06976748	-0.02719654	0.009463896	0.061615482	0.07327511	0.01160529	-0.00036244406	-0.034866102	-0.03204896	-0.06881591	0.0017507465	-0.023473212	0.0045504393	-0.0060592974	0.013404598	0.0049409913	0.013575334	0.04726487	-0.03909769	0.08565892	-0.07436636	0.0050379466	-0.08238538	0.08247374	-0.011474709	0.05923626	0.048289847	-0.0076015866	-0.035173103	-0.07568497	-0.063710205	-0.0029576088	-0.07835585	0.022747438	-0.035408337	-0.0015073016	-0.062360227	-0.00010770751	0.05124495	0.025904058	-0.049149476	-0.02210558	-0.027791297	0.07514087	-0.07902158	0.05965644	-0.037711024	-0.066832565	-0.003951222
0.06815228	-0.066505454	-0.08152145	0.024383666	-0.06396752	0.026634753	-0.0050226776	-0.06285299	-0.054279417	0.08268838	-0.01700587	0.0033787207	0.078569636	0.06200021	-0.0022909297	-0.0023291109	0.07108255	-0.083352774	-0.008573029	-0.061129797	0.034602597	0.0092167705	0.060510565	0.050183196	-0.005935632	0.009765707	0.06698675	-0.010137325	0.0037026005	0.06530855	-0.0488791	-0.063563935	-0.03267137	0.06139939	-0.012008784	0.007919912	-0.004997647	0.03428094	-0.043945953	0.03882088	-0.07188622	-0.08734803	-0.06995111	0.06441403	-0.029889366	-0.010033654	0.083920784	0.080978855	-0.0033972955	0.0064078853	-0.008136959	0.07188238	-0.026798924	-0.025467662	-0.05301601	0.004301398	0.07452158	0.015684852	-0.043014113	-0.010869784	-0.08193596	0.012126962	0.06580777	-0.0335747
-0.01731404	-0.030266186	-0.005998533	-0.020251758	-0.027960828	-0.019093644	0.050126474	-0.046192825	0.032898154	-0.039502412	-0.038905766	0.026534447	0.044228945	-0.010296715	-0.0346935	0.02178349	-0.039560914	-0.050894734	0.049664844	0.045565702	0.026744371	-0.024382109	-0.0347217	-0.006690397	0.041614044	-0.0440837	-0.008350108	-0.033477724	0.01897576	-0.043191295	0.021165043	-0.03940678	-0.029258786	0.02412309	-0.042902615	0.032790333	0.040050797	-0.0097172465	0.008376438	-0.038062196	-0.026141224	-0.030942088	-0.038668722	-0.0011396573	-0.001120944	-0.03859579	0.0069310274	0.013280841	0.04049587	0.019246977	-0.02294553	0.016383009	-0.039668016	0.036510736	-0.03144404	0.017422779	0.022846866	-0.044303697	0.051431634	0.028823575	-0.041081533	-0.031666547	0.02283365	-0.022197418
-0.0039859316	-0.01133449	-0.028132865	-0.005698804	-0.06055544	-0.010696434	-0.002865705	-0.023252027	-0.053971026	0.0669816	-0.032925915	0.06756058	0.0023655118	0.063715294	0.05916776	0.07610793	-0.0060408814	-0.047711045	-0.025993096	-0.076551475	0.06374925	-0.0777441	0.077223696	0.012868241	0.0133873895	-0.08326192	0.060158193	0.0053399187	0.0111836605	0.0245779	-0.016546683	-0.03736032	-0.050912153	0.069304585	-0.041375976	0.03478815	-0.053862095	0.019727828	-0.034437235	0.06464119	-0.0029057574	-0.038715716	-0.030788098	0.025454868	-0.07461174	0.0735964	0.031937677	-0.012011439	-0.048778974	0.012147869	-0.015958294	0.020089356	0.006484725	-0.08418772	-0.04069971	0.044946667	0.011159637	-0.0062347054	0.012432034	-5.865504e-05	-0.085832596	0.063411295	0.073090486	-0.015402987
-0.010199971	-0.014723099	-0.024123555	0.07236816	0.0050986377	-0.008778429	0.017497763	0.008010184	-0.043236654	0.00191844	-0.061743725	0.002252896	0.0035859218	-0.004619923	0.01994077	-0.01894859	-0.013895511	-0.042108513	-0.061114497	-0.0047349976	0.06765906	0.021860879	0.011878827	0.014558795	0.008228873	-0.02416435	0.019168777	-0.051271923	0.042885926	0.019077662	-0.03691274	-0.0023443706	0.012210932	0.018032778	0.018703068	0.047190305	-0.003942597	0.0025015173	-0.047710128	0.023136638	0.018888991	-0.0748934	-0.011509817	0.0010541348	-0.03868599	0.058129743	-0.02214579	0.053758018	-0.06891787	0.06402608	-0.017480858	-0.015211177	0.019839179	0.00040683025	-0.07078491	0.068179846	0.050822433	0.06917112	-0.062325444	-0.0003435276	0.020986108	0.034979634	-0.011941403	0.0065928022
0.02154703	-0.04118361	-0.02368184	0.01536433	0.020344907	-0.024157535	0.006652603	0.013743815	-0.010877781	0.007733226	-0.0046272487	0.054682042	-0.019541351	0.011493754	0.02085269	0.0035535127	0.010399349	-0.03611216	-0.016845288	0.0103115	-0.029735995	-0.063228846	0.027184196	0.061162394	0.018565213	-0.045930125	-0.012778109	-0.00024381992	-0.009479851	-0.025720311	0.027664633	0.020599214	-0.03035402	0.0053152256	-0.008950808	0.040742468	0.015600624	-0.023427444	-0.041088507	0.037137907	-0.048125643	-0.018044166	-0.059861798	0.00750705	-0.0143382065	0.028757138	0.04180443	0.02465368	0.0082220165	0.05180419	0.020116862	0.042559173	-0.051176276	-0.012528159	0.017796883	0.029530752	0.024862278	0.039069436	0.0031106514	0.050852004	-0.0157097	-0.017833095	0.025093678	-0.04618519
0.055834927	-0.06930057	-0.06559417	0.010922238	-0.013578799	0.023532312	0.029482761	0.024928696	-0.037829634	0.028672848	0.021958254	0.03139662	0.024892816	0.018294262	0.06764308	0.05850852	4.9607854e-05	-0.014111279	-0.067497976	-0.0076779085	-0.027371783	-0.02809661	0.01668002	0.026043735	-0.010035256	-0.054661687	0.03553274	0.017783893	0.016954672	0.061972067	-0.03222708	-0.028866505	-0.01381939	-0.0015111684	-0.020410482	0.0702828	-0.035068717	-0.027428227	0.01735133	-0.014449033	0.0052918275	-0.004607355	0.028930854	0.0012526305	-0.050053097	-0.011332057	0.017070865	0.040966175	0.016206698	-0.0035932618	-0.021120695	0.0333079	-0.02930545	0.013058382	0.007641357	-0.014961596	0.022599094	-0.012427677	-0.016763376	-0.010085857	0.023269644	0.00078681443	0.04023609	0.008711789
0.02748785	-0.049699362	-0.013751428	-0.005526422	-0.009410451	0.026170906	0.06301332	-0.01970118	-0.012285254	0.015318803	-0.0042832093	-0.011138843	-0.0071119196	0.046774697	0.041285366	0.06323394	-0.0036561214	-0.044153918	0.0013570305	0.01375641	0.068729475	-0.067558266	0.014645215	0.02695345	0.07264614	0.0044394373	0.065946676	-0.004015351	0.05062928	0.0045549492	-0.02802142	-0.009744916	-0.00027895437	0.037597768	-0.034043808	0.017908596	0.003233155	-0.011478379	-0.041150898	0.018519124	-0.015747588	-0.078426205	-0.008040866	0.06825533	-0.006467318	-0.008658994	0.024754485	0.06936979	-0.046159044	0.021583134	-0.015307234	-0.018303985	-0.014652503	-0.0020696255	-0.059767198	0.07139829	0.050168965	0.013098649	-0.028090023	0.011034617	-0.05041049	0.057431806	0.024150593	-0.0044842376
-0.062108908	-0.014806873	0.014061087	-0.017306415	-0.011906753	0.0016158039	-0.0099635925	-0.029555282	-0.0023623512	-0.03930851	0.00716369	-0.013989855	0.027267093	0.0028709727	0.0016311391	-0.03185477	0.020461489	-0.014502198	0.030266713	0.024678877	0.030928195	0.02190341	0.019570371	-0.063592546	0.015399393	-0.0040038275	0.009527461	0.04588437	0.012793297	0.025389522	0.020641921	0.006265536	0.011960167	-0.057262857	0.051046	-0.056651104	0.0023366285	-0.022396646	-0.006291935	-0.04746557	0.010127217	-0.011806124	0.06345103	-0.024073357	-0.015215907	-0.0055614538	0.023555098	-0.06454588	0.019801619	-0.02517185	-0.022990374	-0.05937683	0.0062715346	0.061762437	0.053879354	-0.015761713	-0.0277964	0.0132517805	0.014825125	-0.060546067	0.048472367	-0.06663729	0.025162743	0.017273117
-0.041736834	0.062395662	-0.0063495995	-0.035452154	0.021472242	0.013904206	0.003617907	0.03664377	0.050203267	-0.014603242	0.045966174	0.003832996	-0.03205912	-0.0008241321	-0.02221241	-0.0063101375	-0.013635461	0.019461958	-0.0021644875	0.057121895	0.010594742	0.04650815	-0.048766416	0.009940621	-0.025764946	-0.02674479	-0.05111939	0.031061875	-0.05402616	-0.05270192	-0.0018280597	0.02206162	0.0040880786	-0.021458799	0.036095288	0.0126421945	-0.0218713	-0.017259877	-0.006161546	-0.026082966	0.038420405	-0.031271063	0.011646153	-0.003835635	-0.0033041185	0.002919804	-0.030673325	-0.061945774	-0.021987196	0.011125639	0.02367092	-0.04650199	-0.009818062	0.03105233	0.056677718	-9.4051094e-05	-0.039865848	0.026399419	-0.006679515	-0.057162277	0.036768924	-0.04758654	-0.042296197	0.0033058135
0.0012408574	-0.062203273	-0.014270617	0.06354321	0.004832814	0.039805047	0.04218412	-0.05596752	-0.00651131	0.0022611266	-0.009653204	-0.008590597	0.056229047	0.048179813	0.01927132	-0.007094253	0.032042738	0.014569179	-0.016153188	-0.018802512	0.0015960651	-0.06321729	-0.010725899	0.058304835	-0.021767478	-0.014120192	0.0047265426	0.00929576	0.031260937	-0.0136418	-0.058172166	-0.006124892	-0.020572288	0.016364774	0.015424993	0.022286234	-0.022790976	0.040646013	0.008949971	-0.016960362	-0.025561942	0.004811057	0.0015826827	0.019453662	-0.036048528	0.020914461	0.04200632	-0.028997412	0.0060050185	0.057288226	0.013189588	-0.028193116	-0.06788718	0.004924318	-0.0023350688	0.01913149	0.06727557	0.031798024	6.831843e-05	-0.009853497	0.026988687	0.04027029	0.009347588	-0.031987224
0.04218054	-0.032121237	-0.027189983	0.042987693	-0.027687049	0.00025931085	-0.0262793	-0.010822499	-0.016676601	0.007495913	0.011720431	0.037308216	0.05091892	0.0027658849	0.041818336	0.047499105	-0.0010029452	-0.033791512	0.028180316	-0.030999279	0.050406374	0.02556322	0.06606832	-0.011689037	-0.015356519	-0.041730136	-0.026832243	-0.06131177	-0.0001891979	-0.00038658487	-0.03909007	0.028097365	-0.043050908	0.021967681	-0.06437234	-0.022734717	-0.06724147	0.023357294	0.006376439	0.023043605	0.023541639	3.1368665e-05	-0.062171094	-0.018240847	0.007130548	0.0012067623	-0.019360075	0.055966932	-0.03259484	0.032505084	-0.010299423	0.028379768	0.0023335197	-0.033578236	-0.04868977	-0.010196968	-0.010600844	0.057717152	-0.034061875	0.048598036	-0.05564284	0.009448923	-0.0071461527	-0.015566997
-0.0030082504	0.032535966	0.06384662	0.029301146	-0.0065929284	0.01870644	-0.05003182	-0.030423557	-0.025380526	-0.008496716	0.021932011	-0.027400829	-0.06592511	-0.04212827	0.011111776	0.027197473	0.013535001	0.007408516	-0.00016216481	-0.0072987885	0.018489748	0.06827346	-0.060010616	-0.03518836	-0.0071954043	0.03618943	-0.06422914	0.023101373	-0.06955455	0.0034595863	0.064232185	-0.004419657	0.01626901	-0.04025559	0.021523817	0.01760126	0.021125741	-0.047100354	0.041960612	0.0069507733	0.00421236	0.05810763	0.04458796	-0.0034750411	0.011858183	-0.051833656	-0.059950665	-0.058176212	0.03589068	-0.012521955	0.06507566	-0.032277375	0.0073078168	-0.02877619	-0.017308637	-0.04358825	-0.034231525	-0.013849879	0.058106724	-0.06350726	-0.0040513217	-0.048700828	-0.055770107	0.059622653
0.038725205	0.010327241	-0.03527997	-0.0022361674	0.018740958	0.032622185	0.042085372	-0.00432536	-0.0641982	0.067363404	0.014316297	0.03226956	0.061834306	0.024793379	-0.024865193	0.0145609	0.026306221	-0.00087779696	0.008932178	-0.057212442	0.05680382	-0.002451768	0.046084836	0.014729602	0.012209346	0.0066215848	0.0025139647	0.013049323	-0.0028447644	0.04599132	-0.05760909	-0.039994247	0.016227402	0.041832197	0.0064434563	-0.017496234	0.01614758	-0.005096615	0.0012051271	0.019364031	-0.049064714	-0.026839701	-0.045716923	0.026572568	0.015101466	-0.022454739	0.047759388	0.067027636	0.010668186	-0.0059739724	-0.045426358	0.009042645	-0.013884891	-0.03315721	0.025306258	0.011576617	0.010729699	0.049324375	-0.003931224	0.065350205	-0.0067665237	-0.03022925	0.02625859	-0.041532125
